user_id,username,phone,user_type,vehicle_type,vehicle_model,registration_date,total_charge_count,total_charge_kwh,preferred_city_id
U00001,user_1,13894461580,物流车用户,物流车,理想ONE,2023-02-28,91,29.46,8
U00002,user_2,13863825888,网约车用户,轿车,特斯拉Model 3,2023-12-25,184,930.79,6
U00003,user_3,13811452660,物流车用户,出租车,比亚迪汉,2023-03-28,135,2571.59,3
U00004,user_4,13877293029,物流车用户,轿车,比亚迪汉,2024-11-03,64,1130.48,7
U00005,user_5,13871325903,网约车用户,出租车,比亚迪汉,2024-07-03,68,543.47,8
U00006,user_6,13881983651,出租车用户,MPV,理想ONE,2023-01-06,91,4417.88,4
U00007,user_7,13828134105,网约车用户,轿车,比亚迪汉,2024-02-09,107,3719.62,1
U00008,user_8,13836264260,物流车用户,MPV,特斯拉Model 3,2024-03-07,125,2750.62,3
U00009,user_9,13863227551,物流车用户,SUV,特斯拉Model 3,2023-04-21,5,630.62,6
U00010,user_10,13891921223,出租车用户,轿车,蔚来ES6,2024-03-15,152,3687.16,7
U00011,user_11,13888675742,网约车用户,出租车,特斯拉Model 3,2024-03-15,63,3088.07,3
U00012,user_12,13850875606,私家车用户,MPV,比亚迪汉,2024-11-13,109,992.06,2
U00013,user_13,13892303968,出租车用户,物流车,比亚迪汉,2023-08-23,30,661.48,1
U00014,user_14,13854864148,出租车用户,出租车,特斯拉Model 3,2024-09-23,51,454.68,1
U00015,user_15,13872317673,网约车用户,SUV,比亚迪汉,2023-12-11,109,2395.98,7
U00016,user_16,13818465985,私家车用户,MPV,蔚来ES6,2023-10-15,89,3557.93,4
U00017,user_17,13862401779,出租车用户,轿车,特斯拉Model 3,2023-02-23,169,3723.77,4
U00018,user_18,13856748734,网约车用户,物流车,特斯拉Model 3,2024-03-17,47,1261.32,8
U00019,user_19,13869566476,网约车用户,轿车,特斯拉Model 3,2024-11-16,3,3414.81,3
U00020,user_20,13864266907,网约车用户,物流车,小鹏P7,2024-09-11,95,1191.26,5
U00021,user_21,13844417292,私家车用户,轿车,比亚迪汉,2024-10-06,190,3009.18,1
U00022,user_22,13841204160,物流车用户,轿车,特斯拉Model 3,2024-07-13,158,1714.49,8
U00023,user_23,13843099741,出租车用户,轿车,比亚迪汉,2023-07-16,107,2752.48,5
U00024,user_24,13866906996,物流车用户,轿车,理想ONE,2023-03-11,123,2095.02,1
U00025,user_25,13837355491,出租车用户,MPV,特斯拉Model 3,2024-08-02,15,3971.95,4
U00026,user_26,13875129110,私家车用户,SUV,理想ONE,2024-06-05,98,2812.49,7
U00027,user_27,13875675448,出租车用户,SUV,特斯拉Model 3,2023-06-13,146,1089.04,1
U00028,user_28,13894018461,网约车用户,MPV,比亚迪汉,2023-10-31,181,1342.57,2
U00029,user_29,13838034668,私家车用户,物流车,比亚迪汉,2023-10-26,10,3198.08,5
U00030,user_30,13831785430,私家车用户,SUV,比亚迪汉,2024-07-01,29,7,6
U00031,user_31,13870476317,私家车用户,物流车,蔚来ES6,2023-05-17,104,4491.68,5
U00032,user_32,13863181938,私家车用户,MPV,比亚迪汉,2023-10-14,45,1279.94,1
U00033,user_33,13898042743,物流车用户,MPV,小鹏P7,2024-07-18,52,4084.24,4
U00034,user_34,13863125403,出租车用户,物流车,理想ONE,2023-06-09,114,1158.62,7
U00035,user_35,13870393430,物流车用户,轿车,理想ONE,2023-07-05,117,925.14,3
U00036,user_36,13840949036,出租车用户,MPV,特斯拉Model 3,2023-11-14,41,4426.27,7
U00037,user_37,13840772137,出租车用户,轿车,理想ONE,2023-09-09,116,4545.66,7
U00038,user_38,13826429630,出租车用户,轿车,小鹏P7,2023-04-13,96,1919.95,2
U00039,user_39,13812221716,出租车用户,SUV,特斯拉Model 3,2023-10-02,36,4692.99,1
U00040,user_40,13811532742,网约车用户,轿车,比亚迪汉,2023-05-23,122,3798.36,8
U00041,user_41,13836726036,网约车用户,出租车,比亚迪汉,2023-09-07,14,2717.63,5
U00042,user_42,13899063016,私家车用户,轿车,特斯拉Model 3,2024-07-11,75,512.83,7
U00043,user_43,13833231019,出租车用户,轿车,比亚迪汉,2024-03-13,98,736.88,5
U00044,user_44,13847007303,私家车用户,出租车,比亚迪汉,2023-04-23,57,508.68,5
U00045,user_45,13868542249,网约车用户,轿车,蔚来ES6,2023-03-28,11,3022.53,3
U00046,user_46,13880229691,网约车用户,物流车,比亚迪汉,2024-11-26,108,751.1,5
U00047,user_47,13857026707,私家车用户,MPV,理想ONE,2024-11-08,94,4664.41,2
U00048,user_48,13810353435,出租车用户,MPV,比亚迪汉,2024-02-04,114,3606.72,8
U00049,user_49,13821022854,物流车用户,MPV,比亚迪汉,2023-04-03,82,4973.86,3
U00050,user_50,13873086777,网约车用户,出租车,理想ONE,2024-05-07,177,4864.24,6
U00051,user_51,13832645028,物流车用户,出租车,小鹏P7,2024-05-24,137,2668.85,4
U00052,user_52,13873012369,物流车用户,物流车,小鹏P7,2024-12-11,191,1096.67,2
U00053,user_53,13848536926,私家车用户,SUV,特斯拉Model 3,2024-01-07,142,2369.63,3
U00054,user_54,13828041976,网约车用户,MPV,比亚迪汉,2023-10-29,117,720.7,7
U00055,user_55,13849734452,出租车用户,轿车,比亚迪汉,2023-05-01,178,3519.81,7
U00056,user_56,13814317958,网约车用户,轿车,特斯拉Model 3,2024-11-09,148,368.85,3
U00057,user_57,13814943406,网约车用户,SUV,特斯拉Model 3,2023-09-08,19,62.39,7
U00058,user_58,13834523988,物流车用户,SUV,小鹏P7,2024-12-16,76,2350.92,6
U00059,user_59,13882741216,网约车用户,轿车,比亚迪汉,2023-03-03,164,160.6,3
U00060,user_60,13892453627,私家车用户,出租车,理想ONE,2024-11-27,116,2770.78,5
U00061,user_61,13892226014,出租车用户,出租车,比亚迪汉,2023-10-06,23,2607.51,3
U00062,user_62,13844717560,私家车用户,SUV,理想ONE,2023-07-08,190,4879.94,2
U00063,user_63,13886748821,网约车用户,出租车,理想ONE,2023-06-18,13,4016.7,7
U00064,user_64,13841905422,私家车用户,轿车,特斯拉Model 3,2024-01-07,154,3893.99,6
U00065,user_65,13814594924,网约车用户,SUV,小鹏P7,2023-04-20,16,1059.55,1
U00066,user_66,13860644075,出租车用户,轿车,比亚迪汉,2023-10-03,21,4883.32,1
U00067,user_67,13889261748,私家车用户,MPV,特斯拉Model 3,2023-11-13,2,4902.71,5
U00068,user_68,13875239195,出租车用户,MPV,理想ONE,2023-12-31,33,3513.28,2
U00069,user_69,13864287672,私家车用户,物流车,比亚迪汉,2023-01-25,150,3980.35,8
U00070,user_70,13816125753,出租车用户,SUV,理想ONE,2023-03-22,160,466.45,4
U00071,user_71,13845333307,出租车用户,物流车,小鹏P7,2024-09-15,166,2616.44,6
U00072,user_72,13883313149,网约车用户,MPV,蔚来ES6,2024-09-30,110,200.06,7
U00073,user_73,13849174421,私家车用户,SUV,小鹏P7,2024-10-04,127,487.03,1
U00074,user_74,13833366071,私家车用户,出租车,特斯拉Model 3,2024-04-10,80,848.59,5
U00075,user_75,13836452116,网约车用户,物流车,蔚来ES6,2023-12-28,22,355.67,8
U00076,user_76,13852268753,网约车用户,出租车,比亚迪汉,2023-05-07,145,2441.29,6
U00077,user_77,13856967568,物流车用户,物流车,比亚迪汉,2024-03-27,93,2562.4,6
U00078,user_78,13871222367,物流车用户,物流车,理想ONE,2023-09-27,174,213.38,1
U00079,user_79,13850111130,出租车用户,轿车,蔚来ES6,2024-01-20,40,2850.67,2
U00080,user_80,13846547360,物流车用户,轿车,蔚来ES6,2024-04-22,119,3212.42,8
U00081,user_81,13827872406,出租车用户,轿车,理想ONE,2024-03-19,51,2007.6,2
U00082,user_82,13861986610,物流车用户,SUV,理想ONE,2023-04-28,71,2272.89,3
U00083,user_83,13886993384,出租车用户,MPV,小鹏P7,2023-02-02,153,3871.03,1
U00084,user_84,13869228046,物流车用户,SUV,特斯拉Model 3,2023-08-05,5,4763.23,7
U00085,user_85,13854215129,出租车用户,轿车,比亚迪汉,2023-03-12,70,2025.34,5
U00086,user_86,13883967876,出租车用户,MPV,比亚迪汉,2023-02-25,23,4474.78,7
U00087,user_87,13866035864,出租车用户,SUV,蔚来ES6,2024-03-05,123,2377.5,3
U00088,user_88,13881566811,物流车用户,轿车,小鹏P7,2024-09-03,50,389.04,3
U00089,user_89,13863046185,私家车用户,SUV,理想ONE,2023-06-01,127,4321.51,2
U00090,user_90,13876585305,私家车用户,出租车,比亚迪汉,2024-10-11,115,3194.58,2
U00091,user_91,13815974581,出租车用户,出租车,小鹏P7,2023-06-20,153,1887.78,6
U00092,user_92,13844364131,私家车用户,MPV,蔚来ES6,2023-01-17,77,4483.27,2
U00093,user_93,13891778471,物流车用户,出租车,蔚来ES6,2023-12-27,138,2129.25,6
U00094,user_94,13828573880,物流车用户,出租车,蔚来ES6,2023-07-01,141,2974.46,7
U00095,user_95,13872515669,物流车用户,MPV,小鹏P7,2023-04-12,22,4029.7,2
U00096,user_96,13824681269,物流车用户,轿车,理想ONE,2024-09-30,139,498.51,8
U00097,user_97,13892471534,网约车用户,出租车,比亚迪汉,2023-08-17,198,2273.15,7
U00098,user_98,13828754204,物流车用户,轿车,蔚来ES6,2024-04-20,105,4539.97,7
U00099,user_99,13811247138,出租车用户,物流车,蔚来ES6,2023-10-02,168,1322.5,7
U00100,user_100,13849571068,物流车用户,轿车,特斯拉Model 3,2023-01-27,39,3952.55,6
U00101,user_101,13864903792,物流车用户,SUV,小鹏P7,2024-02-05,49,3081.34,7
U00102,user_102,13818458030,出租车用户,出租车,比亚迪汉,2024-02-17,81,2586.39,7
U00103,user_103,13847842631,出租车用户,物流车,特斯拉Model 3,2024-10-08,147,3921.41,5
U00104,user_104,13836056282,出租车用户,轿车,特斯拉Model 3,2023-01-27,111,57.69,3
U00105,user_105,13814559907,私家车用户,物流车,理想ONE,2023-01-26,190,3670.85,8
U00106,user_106,13868674056,出租车用户,SUV,蔚来ES6,2023-07-18,137,4202.28,7
U00107,user_107,13852671847,网约车用户,轿车,比亚迪汉,2024-10-04,5,3191.93,2
U00108,user_108,13828178522,私家车用户,轿车,比亚迪汉,2023-10-17,67,4473.02,2
U00109,user_109,13822679097,网约车用户,SUV,理想ONE,2023-04-14,125,3977.21,7
U00110,user_110,13822058971,私家车用户,SUV,理想ONE,2024-01-20,80,3167.76,8
U00111,user_111,13836393945,网约车用户,轿车,比亚迪汉,2024-11-06,145,3156.07,1
U00112,user_112,13829206616,网约车用户,出租车,小鹏P7,2024-09-06,139,25.07,5
U00113,user_113,13829924159,私家车用户,物流车,特斯拉Model 3,2024-06-14,131,3804.8,4
U00114,user_114,13869782880,出租车用户,轿车,蔚来ES6,2023-05-22,56,417.21,3
U00115,user_115,13853845483,物流车用户,SUV,特斯拉Model 3,2023-12-23,181,2757.49,5
U00116,user_116,13886529123,物流车用户,物流车,理想ONE,2023-07-17,64,864.8,5
U00117,user_117,13874362685,网约车用户,SUV,比亚迪汉,2024-05-14,110,4414.29,7
U00118,user_118,13854516222,私家车用户,物流车,理想ONE,2024-03-15,51,2835.71,6
U00119,user_119,13820528363,出租车用户,轿车,小鹏P7,2023-09-17,150,2049.04,6
U00120,user_120,13875251490,私家车用户,SUV,蔚来ES6,2024-03-15,47,1788.72,2
U00121,user_121,13845257089,网约车用户,SUV,蔚来ES6,2023-05-06,2,1592.95,1
U00122,user_122,13863884502,物流车用户,物流车,蔚来ES6,2023-08-27,143,331.18,5
U00123,user_123,13844769638,出租车用户,轿车,小鹏P7,2023-10-12,183,3039.52,2
U00124,user_124,13879098130,网约车用户,MPV,比亚迪汉,2023-07-21,12,4013.63,8
U00125,user_125,13817665496,物流车用户,轿车,特斯拉Model 3,2024-04-08,43,3007.15,7
U00126,user_126,13848731348,网约车用户,轿车,小鹏P7,2023-01-05,118,1421.83,7
U00127,user_127,13816069740,私家车用户,MPV,特斯拉Model 3,2023-03-13,120,475.6,7
U00128,user_128,13859315500,网约车用户,MPV,理想ONE,2023-03-23,142,3873.07,8
U00129,user_129,13817717444,网约车用户,出租车,理想ONE,2024-10-18,31,4215.38,2
U00130,user_130,13814794670,私家车用户,轿车,比亚迪汉,2023-04-18,82,4306.94,7
U00131,user_131,13847083788,私家车用户,SUV,蔚来ES6,2024-07-04,1,4670.55,1
U00132,user_132,13852541705,私家车用户,轿车,蔚来ES6,2023-03-18,67,1646.64,7
U00133,user_133,13854223790,出租车用户,物流车,理想ONE,2023-05-03,32,1596.66,3
U00134,user_134,13877718320,私家车用户,物流车,小鹏P7,2023-09-04,147,2389.63,8
U00135,user_135,13855966274,物流车用户,SUV,特斯拉Model 3,2023-09-28,196,1481.17,2
U00136,user_136,13867834971,出租车用户,轿车,特斯拉Model 3,2024-05-21,15,1062.38,4
U00137,user_137,13886707308,出租车用户,出租车,特斯拉Model 3,2023-12-15,53,4069.98,6
U00138,user_138,13861088438,出租车用户,物流车,特斯拉Model 3,2023-05-14,56,4583.49,7
U00139,user_139,13884129412,出租车用户,出租车,比亚迪汉,2023-03-12,71,2115.47,5
U00140,user_140,13826723413,物流车用户,轿车,特斯拉Model 3,2023-09-04,4,4470.49,3
U00141,user_141,13853701468,物流车用户,物流车,理想ONE,2023-12-27,67,591.63,2
U00142,user_142,13868068069,出租车用户,SUV,理想ONE,2024-05-29,110,2539.63,1
U00143,user_143,13882305466,网约车用户,轿车,特斯拉Model 3,2024-10-26,97,3660.01,7
U00144,user_144,13841775816,出租车用户,出租车,比亚迪汉,2024-08-31,70,2647.81,8
U00145,user_145,13894978103,私家车用户,轿车,比亚迪汉,2023-04-24,56,575.94,1
U00146,user_146,13853614911,私家车用户,物流车,特斯拉Model 3,2023-10-10,57,4413,7
U00147,user_147,13874217437,私家车用户,SUV,蔚来ES6,2024-05-22,52,855.15,4
U00148,user_148,13866955718,网约车用户,轿车,特斯拉Model 3,2023-07-09,128,4538.91,8
U00149,user_149,13860024909,出租车用户,MPV,特斯拉Model 3,2023-06-20,47,1660.78,8
U00150,user_150,13833231208,物流车用户,出租车,蔚来ES6,2023-01-22,45,4871.85,2
U00151,user_151,13837971159,网约车用户,出租车,小鹏P7,2023-01-02,125,4366.09,8
U00152,user_152,13827921740,私家车用户,物流车,蔚来ES6,2023-08-22,134,2515.73,3
U00153,user_153,13825382638,网约车用户,MPV,理想ONE,2024-05-17,188,1753.91,5
U00154,user_154,13889705153,网约车用户,出租车,特斯拉Model 3,2023-12-28,77,3550.79,8
U00155,user_155,13828475422,私家车用户,SUV,理想ONE,2023-08-14,168,4970.44,6
U00156,user_156,13891561506,出租车用户,物流车,理想ONE,2024-01-04,52,3721.83,4
U00157,user_157,13871892768,网约车用户,物流车,理想ONE,2024-06-23,44,1326.55,6
U00158,user_158,13864267406,物流车用户,MPV,蔚来ES6,2023-07-15,10,2897.58,6
U00159,user_159,13830148101,物流车用户,物流车,蔚来ES6,2023-10-23,28,4847.35,8
U00160,user_160,13834108640,出租车用户,物流车,蔚来ES6,2024-09-30,142,3321.6,5
U00161,user_161,13889765722,私家车用户,MPV,特斯拉Model 3,2024-04-09,10,1086.63,2
U00162,user_162,13818719001,网约车用户,轿车,理想ONE,2023-12-27,169,4170.55,1
U00163,user_163,13851193256,网约车用户,MPV,小鹏P7,2024-11-12,196,2803.75,2
U00164,user_164,13854343337,出租车用户,出租车,小鹏P7,2023-03-24,74,1094.29,8
U00165,user_165,13868105075,物流车用户,出租车,理想ONE,2023-04-11,66,4600.97,5
U00166,user_166,13838398140,网约车用户,物流车,比亚迪汉,2024-11-30,196,997.53,3
U00167,user_167,13878204268,网约车用户,MPV,特斯拉Model 3,2023-11-01,145,4635.59,8
U00168,user_168,13899424004,物流车用户,出租车,特斯拉Model 3,2023-05-22,134,2209.51,6
U00169,user_169,13892546858,物流车用户,MPV,理想ONE,2024-04-22,107,4807.23,8
U00170,user_170,13814531432,物流车用户,轿车,比亚迪汉,2024-09-21,77,3933.16,6
U00171,user_171,13830859900,网约车用户,轿车,理想ONE,2023-05-09,103,3350.4,8
U00172,user_172,13894878540,私家车用户,轿车,特斯拉Model 3,2023-10-04,166,535.24,2
U00173,user_173,13857608888,网约车用户,轿车,特斯拉Model 3,2024-08-21,172,2554.1,1
U00174,user_174,13843599458,出租车用户,物流车,理想ONE,2023-05-20,57,4475.26,3
U00175,user_175,13859296093,私家车用户,出租车,小鹏P7,2024-12-05,51,573.54,1
U00176,user_176,13835072983,私家车用户,SUV,比亚迪汉,2023-04-17,121,123.28,8
U00177,user_177,13874011911,私家车用户,MPV,理想ONE,2024-05-10,47,4101.35,5
U00178,user_178,13881943018,物流车用户,SUV,特斯拉Model 3,2023-07-09,36,4092.75,4
U00179,user_179,13837979380,出租车用户,出租车,理想ONE,2023-10-24,74,3337.68,8
U00180,user_180,13870185508,物流车用户,出租车,特斯拉Model 3,2024-04-20,106,4067.47,3
U00181,user_181,13814585643,物流车用户,轿车,小鹏P7,2024-02-03,2,2902.69,1
U00182,user_182,13882821698,网约车用户,SUV,理想ONE,2024-04-14,70,45.6,3
U00183,user_183,13868619202,出租车用户,MPV,小鹏P7,2024-02-04,131,313.83,3
U00184,user_184,13867646558,物流车用户,SUV,蔚来ES6,2024-11-05,77,4617.38,2
U00185,user_185,13889257168,物流车用户,物流车,比亚迪汉,2024-08-12,181,4637.06,5
U00186,user_186,13831206309,网约车用户,物流车,小鹏P7,2024-02-18,17,224.65,3
U00187,user_187,13847962581,私家车用户,出租车,理想ONE,2023-11-28,194,1157.67,4
U00188,user_188,13827273850,物流车用户,出租车,特斯拉Model 3,2023-03-05,156,1252.42,1
U00189,user_189,13821948234,网约车用户,物流车,特斯拉Model 3,2023-06-28,82,538.31,8
U00190,user_190,13871873182,出租车用户,SUV,蔚来ES6,2024-05-17,112,3394.25,4
U00191,user_191,13842963655,物流车用户,物流车,比亚迪汉,2023-03-30,149,121.22,2
U00192,user_192,13843341544,出租车用户,轿车,蔚来ES6,2024-02-22,145,2732.9,2
U00193,user_193,13865824036,物流车用户,SUV,比亚迪汉,2024-08-07,121,2504.25,6
U00194,user_194,13832582100,物流车用户,出租车,理想ONE,2023-03-14,145,390.72,5
U00195,user_195,13826532932,物流车用户,SUV,特斯拉Model 3,2024-09-07,138,1654.6,4
U00196,user_196,13857495118,物流车用户,MPV,特斯拉Model 3,2023-06-11,73,373.89,4
U00197,user_197,13894829192,网约车用户,出租车,小鹏P7,2023-02-28,139,3487.59,2
U00198,user_198,13887165309,私家车用户,轿车,蔚来ES6,2024-03-07,66,1002.56,1
U00199,user_199,13832824346,网约车用户,轿车,比亚迪汉,2024-05-20,18,4028.31,1
U00200,user_200,13866662159,物流车用户,物流车,小鹏P7,2023-03-24,141,2393.86,3
U00201,user_201,13854321683,私家车用户,轿车,理想ONE,2024-06-03,57,3251.68,7
U00202,user_202,13888245971,出租车用户,轿车,特斯拉Model 3,2023-01-27,198,3909.11,4
U00203,user_203,13897527215,私家车用户,物流车,理想ONE,2023-02-23,99,3828.41,3
U00204,user_204,13880407993,出租车用户,轿车,理想ONE,2023-05-01,157,4912.67,6
U00205,user_205,13867634172,网约车用户,出租车,特斯拉Model 3,2023-09-01,59,459.95,1
U00206,user_206,13847217767,私家车用户,轿车,比亚迪汉,2023-02-28,19,283.27,8
U00207,user_207,13839585630,私家车用户,MPV,蔚来ES6,2024-09-08,167,4452.12,5
U00208,user_208,13831257517,物流车用户,轿车,特斯拉Model 3,2023-03-20,64,4691.85,4
U00209,user_209,13891086848,出租车用户,出租车,蔚来ES6,2024-01-11,199,2757.03,4
U00210,user_210,13896315383,网约车用户,物流车,小鹏P7,2023-04-17,13,1733.18,7
U00211,user_211,13889665583,私家车用户,SUV,比亚迪汉,2024-06-17,59,1524.7,4
U00212,user_212,13830117101,出租车用户,轿车,比亚迪汉,2024-12-16,112,3249.54,8
U00213,user_213,13828711348,物流车用户,轿车,蔚来ES6,2023-10-12,150,1920.88,2
U00214,user_214,13819785572,物流车用户,出租车,特斯拉Model 3,2024-01-27,98,2220.1,4
U00215,user_215,13843707214,出租车用户,出租车,小鹏P7,2023-02-23,169,1525.74,6
U00216,user_216,13814256508,网约车用户,物流车,比亚迪汉,2023-01-29,87,3628.93,7
U00217,user_217,13880041935,私家车用户,物流车,理想ONE,2024-11-25,73,4292.57,8
U00218,user_218,13879449501,网约车用户,SUV,理想ONE,2024-04-23,190,4963.07,4
U00219,user_219,13831601248,网约车用户,MPV,特斯拉Model 3,2023-09-13,197,2714.02,6
U00220,user_220,13874651632,网约车用户,MPV,蔚来ES6,2024-11-06,64,3912.13,1
U00221,user_221,13830366028,网约车用户,MPV,比亚迪汉,2024-03-30,118,86.33,1
U00222,user_222,13886421606,网约车用户,出租车,小鹏P7,2023-08-12,104,292.92,2
U00223,user_223,13855296145,私家车用户,出租车,比亚迪汉,2023-09-22,196,3933.68,5
U00224,user_224,13891083084,出租车用户,SUV,比亚迪汉,2024-09-24,167,247.9,2
U00225,user_225,13816304018,物流车用户,物流车,蔚来ES6,2023-02-12,141,3586.79,1
U00226,user_226,13852445217,私家车用户,MPV,小鹏P7,2023-02-15,153,1173.48,2
U00227,user_227,13822699305,物流车用户,轿车,小鹏P7,2023-03-21,60,1020.21,6
U00228,user_228,13878152169,物流车用户,MPV,比亚迪汉,2023-01-26,83,3034.83,6
U00229,user_229,13864887686,网约车用户,出租车,蔚来ES6,2024-09-28,7,801.56,1
U00230,user_230,13857653458,私家车用户,轿车,小鹏P7,2023-08-05,80,2553.98,6
U00231,user_231,13845207206,私家车用户,SUV,理想ONE,2024-10-26,20,4775.9,4
U00232,user_232,13892499982,物流车用户,物流车,特斯拉Model 3,2024-06-24,13,3035.51,8
U00233,user_233,13861925410,出租车用户,物流车,蔚来ES6,2023-09-07,84,1215.37,6
U00234,user_234,13847828468,网约车用户,轿车,比亚迪汉,2024-03-31,187,4788.04,7
U00235,user_235,13869292305,网约车用户,物流车,小鹏P7,2023-03-20,92,3266.65,4
U00236,user_236,13883557862,出租车用户,物流车,比亚迪汉,2024-07-04,62,3882.24,7
U00237,user_237,13832635264,网约车用户,MPV,蔚来ES6,2023-05-01,20,2042.51,3
U00238,user_238,13890964245,出租车用户,出租车,特斯拉Model 3,2023-06-20,30,2093.13,8
U00239,user_239,13826543070,私家车用户,出租车,特斯拉Model 3,2024-12-07,42,4949.67,3
U00240,user_240,13894369672,物流车用户,出租车,蔚来ES6,2023-05-11,102,3484.64,4
U00241,user_241,13858062950,网约车用户,MPV,小鹏P7,2024-09-15,157,538.86,1
U00242,user_242,13822086815,物流车用户,出租车,理想ONE,2024-03-22,74,3788.3,3
U00243,user_243,13840059345,私家车用户,SUV,特斯拉Model 3,2024-08-30,151,1849.37,8
U00244,user_244,13872156250,物流车用户,SUV,小鹏P7,2024-08-25,71,4723.84,2
U00245,user_245,13848055871,物流车用户,MPV,特斯拉Model 3,2024-07-31,132,4486.51,7
U00246,user_246,13856736288,物流车用户,MPV,比亚迪汉,2023-05-27,10,4069.94,4
U00247,user_247,13880539505,网约车用户,物流车,小鹏P7,2023-11-18,25,1736.73,3
U00248,user_248,13829425716,网约车用户,出租车,理想ONE,2023-08-18,43,1442.39,5
U00249,user_249,13827384795,网约车用户,SUV,特斯拉Model 3,2023-07-31,141,4193.95,3
U00250,user_250,13814481651,出租车用户,轿车,理想ONE,2023-01-27,94,1015.7,7
U00251,user_251,13882889534,出租车用户,出租车,蔚来ES6,2023-04-23,183,3531.61,2
U00252,user_252,13882818082,物流车用户,MPV,特斯拉Model 3,2023-05-21,71,3658.17,2
U00253,user_253,13867952295,出租车用户,轿车,蔚来ES6,2023-06-10,129,1676.69,8
U00254,user_254,13894022213,网约车用户,轿车,理想ONE,2023-04-13,180,3970.99,6
U00255,user_255,13841191583,私家车用户,SUV,比亚迪汉,2024-08-23,96,4360.57,4
U00256,user_256,13842055346,物流车用户,SUV,理想ONE,2023-07-11,187,2483.63,3
U00257,user_257,13842532453,出租车用户,轿车,理想ONE,2023-03-10,125,2788.69,4
U00258,user_258,13839181635,物流车用户,MPV,小鹏P7,2024-01-25,161,2919.49,6
U00259,user_259,13889339691,出租车用户,MPV,比亚迪汉,2023-10-27,171,2425.3,7
U00260,user_260,13868519903,物流车用户,MPV,特斯拉Model 3,2023-08-13,28,4814.59,5
U00261,user_261,13878748326,网约车用户,SUV,理想ONE,2023-04-29,45,2323.68,6
U00262,user_262,13828606694,物流车用户,SUV,理想ONE,2024-05-15,153,2060.01,4
U00263,user_263,13814745766,网约车用户,物流车,比亚迪汉,2024-02-23,15,2811.29,6
U00264,user_264,13852866203,物流车用户,出租车,理想ONE,2024-03-11,102,1303.5,1
U00265,user_265,13853968954,出租车用户,MPV,特斯拉Model 3,2023-11-12,114,2049.06,3
U00266,user_266,13897824378,私家车用户,物流车,小鹏P7,2023-12-04,33,3024.81,1
U00267,user_267,13813457212,私家车用户,MPV,蔚来ES6,2024-07-20,16,3274.66,4
U00268,user_268,13869329773,出租车用户,SUV,小鹏P7,2024-02-10,183,1146.67,3
U00269,user_269,13871256431,物流车用户,SUV,小鹏P7,2023-09-12,3,180.37,1
U00270,user_270,13896272679,物流车用户,出租车,特斯拉Model 3,2023-06-10,72,1507.33,4
U00271,user_271,13850511553,网约车用户,轿车,理想ONE,2024-11-02,102,655.97,5
U00272,user_272,13823912253,私家车用户,物流车,理想ONE,2023-01-21,3,3713.26,3
U00273,user_273,13825657408,出租车用户,物流车,蔚来ES6,2023-11-28,108,2561.78,1
U00274,user_274,13859505490,物流车用户,SUV,特斯拉Model 3,2023-09-28,167,2881.01,7
U00275,user_275,13857718037,私家车用户,SUV,理想ONE,2024-07-28,71,2416.75,4
U00276,user_276,13872651282,物流车用户,出租车,蔚来ES6,2024-07-13,182,541.52,4
U00277,user_277,13814077510,出租车用户,出租车,蔚来ES6,2024-05-03,144,544.74,5
U00278,user_278,13864463355,私家车用户,轿车,小鹏P7,2023-06-23,53,4324.14,8
U00279,user_279,13850952374,出租车用户,出租车,小鹏P7,2024-04-29,133,3615.16,4
U00280,user_280,13819659084,网约车用户,出租车,蔚来ES6,2023-12-12,38,182.55,7
U00281,user_281,13810915393,出租车用户,物流车,理想ONE,2024-07-12,127,1565.08,4
U00282,user_282,13862728559,物流车用户,物流车,小鹏P7,2023-03-25,26,2128.51,2
U00283,user_283,13871553085,私家车用户,SUV,小鹏P7,2023-05-05,42,986.84,2
U00284,user_284,13816397949,物流车用户,SUV,小鹏P7,2024-05-13,35,3744.97,7
U00285,user_285,13875431151,网约车用户,轿车,理想ONE,2023-10-29,184,4609.85,5
U00286,user_286,13895606281,网约车用户,物流车,比亚迪汉,2023-05-25,74,2616.26,4
U00287,user_287,13870829509,网约车用户,出租车,理想ONE,2023-08-04,84,4635.4,3
U00288,user_288,13836909591,物流车用户,轿车,蔚来ES6,2024-03-02,45,751.75,2
U00289,user_289,13810916109,出租车用户,SUV,特斯拉Model 3,2024-07-04,117,1655.18,1
U00290,user_290,13886793563,私家车用户,MPV,小鹏P7,2023-08-20,88,3144.11,4
U00291,user_291,13854985656,物流车用户,物流车,蔚来ES6,2024-01-12,159,3834.94,5
U00292,user_292,13898644319,私家车用户,物流车,比亚迪汉,2023-04-16,187,1082.21,3
U00293,user_293,13853072676,出租车用户,物流车,小鹏P7,2024-10-22,196,1914.73,5
U00294,user_294,13887564429,出租车用户,轿车,比亚迪汉,2023-08-10,23,4647.74,3
U00295,user_295,13833483700,物流车用户,轿车,蔚来ES6,2023-03-21,13,684.87,8
U00296,user_296,13879698728,网约车用户,MPV,小鹏P7,2023-05-01,61,2800.73,7
U00297,user_297,13873168773,网约车用户,MPV,小鹏P7,2023-11-21,135,391,4
U00298,user_298,13837215550,出租车用户,出租车,小鹏P7,2024-03-28,125,3475.5,5
U00299,user_299,13829708133,网约车用户,SUV,特斯拉Model 3,2024-01-10,119,3853.72,6
U00300,user_300,13879484502,出租车用户,出租车,蔚来ES6,2023-07-03,191,4977.19,4
U00301,user_301,13882436914,出租车用户,轿车,小鹏P7,2023-11-14,84,470.54,6
U00302,user_302,13851579237,私家车用户,物流车,蔚来ES6,2023-02-04,165,1374.76,8
U00303,user_303,13875251719,网约车用户,MPV,特斯拉Model 3,2024-08-08,7,4315.93,8
U00304,user_304,13884469033,出租车用户,出租车,小鹏P7,2023-04-17,9,1847.67,3
U00305,user_305,13838983156,私家车用户,出租车,特斯拉Model 3,2023-02-27,113,3187.39,1
U00306,user_306,13861482597,网约车用户,SUV,小鹏P7,2023-01-18,85,4186.37,6
U00307,user_307,13837727000,私家车用户,出租车,理想ONE,2024-11-14,171,307.42,4
U00308,user_308,13892163416,网约车用户,轿车,比亚迪汉,2024-03-30,11,1377.63,4
U00309,user_309,13892817705,出租车用户,轿车,蔚来ES6,2023-10-08,143,1753.42,6
U00310,user_310,13886392410,物流车用户,轿车,特斯拉Model 3,2023-04-03,46,3647.75,3
U00311,user_311,13862011329,出租车用户,轿车,比亚迪汉,2024-10-15,95,2301.75,4
U00312,user_312,13860424130,出租车用户,MPV,特斯拉Model 3,2024-01-24,180,1435.38,5
U00313,user_313,13833006169,物流车用户,SUV,比亚迪汉,2023-10-07,51,885.56,5
U00314,user_314,13852498202,网约车用户,轿车,理想ONE,2023-12-30,148,1818.07,8
U00315,user_315,13837931601,物流车用户,SUV,小鹏P7,2024-08-05,53,4968.78,7
U00316,user_316,13866835729,出租车用户,MPV,小鹏P7,2024-07-18,190,3971.48,2
U00317,user_317,13894094452,网约车用户,SUV,理想ONE,2023-09-25,8,4609.6,3
U00318,user_318,13887853290,物流车用户,物流车,蔚来ES6,2024-01-17,144,1889.55,1
U00319,user_319,13862812713,网约车用户,轿车,比亚迪汉,2024-03-07,121,1673.56,2
U00320,user_320,13840656865,网约车用户,SUV,理想ONE,2024-07-13,47,3760.23,8
U00321,user_321,13884788126,物流车用户,出租车,比亚迪汉,2023-09-16,185,1866.07,6
U00322,user_322,13889067572,网约车用户,轿车,比亚迪汉,2024-06-03,27,2104.93,5
U00323,user_323,13875651467,出租车用户,物流车,比亚迪汉,2023-11-04,152,4826.18,4
U00324,user_324,13832863128,网约车用户,轿车,特斯拉Model 3,2023-11-13,196,707.3,6
U00325,user_325,13885157487,出租车用户,出租车,特斯拉Model 3,2024-11-05,37,1002.03,3
U00326,user_326,13859366038,私家车用户,SUV,比亚迪汉,2023-07-28,111,450.83,4
U00327,user_327,13835257131,私家车用户,出租车,比亚迪汉,2023-12-19,25,2354,7
U00328,user_328,13844818738,物流车用户,出租车,比亚迪汉,2023-04-09,99,642.51,3
U00329,user_329,13875516359,网约车用户,出租车,小鹏P7,2024-02-08,136,358.28,8
U00330,user_330,13814404632,出租车用户,SUV,蔚来ES6,2024-01-06,87,2507.28,1
U00331,user_331,13875232265,出租车用户,SUV,理想ONE,2023-07-12,11,1056.16,7
U00332,user_332,13825216563,物流车用户,SUV,理想ONE,2023-06-04,72,1555.46,8
U00333,user_333,13815705276,物流车用户,SUV,比亚迪汉,2024-02-12,174,2586.74,2
U00334,user_334,13886172353,网约车用户,轿车,理想ONE,2023-01-13,41,1595.13,7
U00335,user_335,13884491189,物流车用户,出租车,理想ONE,2023-02-25,77,2124.91,2
U00336,user_336,13883779225,网约车用户,出租车,蔚来ES6,2024-07-01,93,558.36,3
U00337,user_337,13879479711,物流车用户,轿车,比亚迪汉,2023-01-08,86,4741.01,5
U00338,user_338,13842379436,物流车用户,出租车,特斯拉Model 3,2024-04-20,72,199.22,8
U00339,user_339,13885407014,私家车用户,物流车,蔚来ES6,2023-09-16,108,1687.31,5
U00340,user_340,13813859892,网约车用户,SUV,蔚来ES6,2024-01-01,106,87.59,6
U00341,user_341,13858771583,私家车用户,MPV,特斯拉Model 3,2024-06-28,189,1981.07,3
U00342,user_342,13823779765,私家车用户,SUV,比亚迪汉,2024-10-10,126,2155.5,5
U00343,user_343,13866588504,出租车用户,物流车,小鹏P7,2024-04-14,10,382.68,6
U00344,user_344,13816273404,私家车用户,出租车,小鹏P7,2023-03-22,86,4637.2,5
U00345,user_345,13879227565,私家车用户,SUV,蔚来ES6,2024-10-30,190,4414.63,7
U00346,user_346,13829074139,网约车用户,MPV,小鹏P7,2024-06-10,138,4271.22,4
U00347,user_347,13818007131,物流车用户,SUV,理想ONE,2023-10-09,191,3444.32,3
U00348,user_348,13855359217,私家车用户,物流车,理想ONE,2023-07-05,173,1424.56,1
U00349,user_349,13876714393,私家车用户,出租车,比亚迪汉,2023-10-09,68,2312.21,6
U00350,user_350,13825914626,出租车用户,轿车,蔚来ES6,2023-08-15,16,3056.93,8
U00351,user_351,13878936386,物流车用户,出租车,小鹏P7,2023-01-13,87,1702.98,6
U00352,user_352,13882803486,物流车用户,出租车,比亚迪汉,2024-06-29,178,850.07,7
U00353,user_353,13851897601,私家车用户,物流车,特斯拉Model 3,2024-10-08,124,2806.63,6
U00354,user_354,13823614400,网约车用户,MPV,蔚来ES6,2023-11-19,115,3372.51,1
U00355,user_355,13835543731,网约车用户,物流车,理想ONE,2024-03-01,195,117.04,5
U00356,user_356,13890404845,物流车用户,物流车,比亚迪汉,2024-01-23,155,4744.1,2
U00357,user_357,13825887483,出租车用户,SUV,特斯拉Model 3,2024-08-07,74,893.11,3
U00358,user_358,13875717693,网约车用户,SUV,理想ONE,2024-09-05,71,1597.02,6
U00359,user_359,13827306206,物流车用户,SUV,理想ONE,2024-05-21,193,2319.57,8
U00360,user_360,13835713910,物流车用户,MPV,特斯拉Model 3,2024-06-29,85,3814.67,3
U00361,user_361,13826107280,物流车用户,出租车,理想ONE,2023-07-13,162,145.2,4
U00362,user_362,13832709247,私家车用户,物流车,小鹏P7,2024-02-23,5,1625.1,4
U00363,user_363,13837278731,私家车用户,MPV,特斯拉Model 3,2024-09-07,167,1946.7,4
U00364,user_364,13836448500,网约车用户,SUV,比亚迪汉,2024-04-28,182,4606.93,6
U00365,user_365,13831735800,私家车用户,轿车,比亚迪汉,2024-08-14,118,2295.96,8
U00366,user_366,13849633897,物流车用户,物流车,特斯拉Model 3,2024-09-10,84,4360.43,3
U00367,user_367,13850118572,私家车用户,轿车,特斯拉Model 3,2024-11-29,173,2031.73,8
U00368,user_368,13873132152,物流车用户,MPV,小鹏P7,2023-05-04,183,3882.98,1
U00369,user_369,13881848877,私家车用户,MPV,理想ONE,2023-02-10,93,1997.15,8
U00370,user_370,13880213032,私家车用户,SUV,蔚来ES6,2024-08-16,192,3958.09,3
U00371,user_371,13870047764,网约车用户,SUV,比亚迪汉,2024-05-09,53,1322.54,6
U00372,user_372,13822138507,物流车用户,SUV,蔚来ES6,2023-12-17,75,3445.97,6
U00373,user_373,13883785225,网约车用户,物流车,特斯拉Model 3,2023-05-24,37,2608.9,1
U00374,user_374,13846217076,网约车用户,MPV,蔚来ES6,2023-06-12,145,3169.47,8
U00375,user_375,13882065831,出租车用户,SUV,比亚迪汉,2024-09-14,74,4295.74,5
U00376,user_376,13847341458,出租车用户,物流车,蔚来ES6,2023-06-01,149,60.33,6
U00377,user_377,13893329467,物流车用户,出租车,小鹏P7,2023-06-24,88,3219.26,6
U00378,user_378,13895747133,物流车用户,出租车,比亚迪汉,2024-06-21,123,876.94,7
U00379,user_379,13812332060,网约车用户,SUV,蔚来ES6,2023-07-31,57,750.44,2
U00380,user_380,13842266840,物流车用户,出租车,小鹏P7,2024-10-15,3,4199.89,4
U00381,user_381,13843186956,私家车用户,出租车,特斯拉Model 3,2023-12-04,129,335.99,2
U00382,user_382,13819178317,出租车用户,SUV,蔚来ES6,2023-07-07,176,4681.67,4
U00383,user_383,13847418472,出租车用户,轿车,小鹏P7,2023-09-30,141,1387.38,4
U00384,user_384,13820433171,网约车用户,轿车,比亚迪汉,2023-08-22,62,2928.39,8
U00385,user_385,13886062610,私家车用户,MPV,特斯拉Model 3,2023-07-21,122,582.03,2
U00386,user_386,13887994234,私家车用户,物流车,小鹏P7,2023-08-09,153,2436.15,1
U00387,user_387,13880412827,物流车用户,SUV,小鹏P7,2024-10-12,157,3777.72,1
U00388,user_388,13851247671,网约车用户,出租车,比亚迪汉,2023-12-03,129,2416.4,5
U00389,user_389,13859095328,出租车用户,MPV,蔚来ES6,2024-11-25,143,2515.31,8
U00390,user_390,13828263984,物流车用户,轿车,蔚来ES6,2024-06-05,120,2478.94,3
U00391,user_391,13820748078,网约车用户,轿车,理想ONE,2023-12-17,163,3434.79,3
U00392,user_392,13841712781,出租车用户,SUV,蔚来ES6,2024-05-28,78,1600.08,8
U00393,user_393,13826865916,出租车用户,物流车,比亚迪汉,2023-11-28,40,959.52,7
U00394,user_394,13838143587,出租车用户,MPV,小鹏P7,2024-04-30,167,2976.15,7
U00395,user_395,13854134747,网约车用户,出租车,蔚来ES6,2024-01-15,37,1531.16,6
U00396,user_396,13861668368,网约车用户,出租车,小鹏P7,2024-02-07,195,2085.62,7
U00397,user_397,13819067697,网约车用户,SUV,理想ONE,2023-10-08,4,4092.67,4
U00398,user_398,13844175193,网约车用户,MPV,特斯拉Model 3,2023-11-26,109,3954.6,6
U00399,user_399,13842674522,物流车用户,MPV,特斯拉Model 3,2023-03-18,62,802.09,8
U00400,user_400,13886981753,物流车用户,出租车,比亚迪汉,2023-10-14,155,2930.57,1
U00401,user_401,13826611919,网约车用户,MPV,小鹏P7,2024-01-14,112,4618.03,2
U00402,user_402,13887303200,私家车用户,MPV,理想ONE,2023-06-05,38,2949.04,4
U00403,user_403,13824418180,出租车用户,MPV,小鹏P7,2024-07-13,195,3303.45,5
U00404,user_404,13813583301,私家车用户,MPV,蔚来ES6,2024-04-01,191,4422.93,3
U00405,user_405,13862638673,出租车用户,出租车,蔚来ES6,2023-12-08,50,3388.34,5
U00406,user_406,13851831379,出租车用户,轿车,理想ONE,2024-03-13,101,4030.32,1
U00407,user_407,13896571987,网约车用户,轿车,小鹏P7,2024-03-23,8,4798.94,6
U00408,user_408,13898279061,网约车用户,物流车,蔚来ES6,2024-10-11,17,3672.17,2
U00409,user_409,13828409712,出租车用户,物流车,特斯拉Model 3,2024-08-10,119,3050.16,4
U00410,user_410,13821978060,网约车用户,出租车,理想ONE,2023-06-05,166,1652.15,3
U00411,user_411,13865678439,物流车用户,轿车,理想ONE,2024-08-11,75,31.77,7
U00412,user_412,13813091139,出租车用户,MPV,理想ONE,2023-06-04,66,4277.87,6
U00413,user_413,13897228499,出租车用户,物流车,蔚来ES6,2024-08-13,39,944.24,3
U00414,user_414,13843776054,出租车用户,轿车,特斯拉Model 3,2024-06-30,154,4722.47,1
U00415,user_415,13830869848,网约车用户,轿车,蔚来ES6,2023-11-19,58,3290.84,4
U00416,user_416,13859633675,物流车用户,MPV,比亚迪汉,2023-08-11,197,1776.72,3
U00417,user_417,13882033017,物流车用户,轿车,理想ONE,2023-08-02,97,246.07,8
U00418,user_418,13875404254,出租车用户,出租车,小鹏P7,2023-05-08,23,4846.22,2
U00419,user_419,13836684434,私家车用户,出租车,小鹏P7,2024-01-02,191,4976.79,7
U00420,user_420,13841294446,私家车用户,物流车,蔚来ES6,2024-05-04,65,2543.68,8
U00421,user_421,13812641118,物流车用户,出租车,理想ONE,2023-04-13,90,1801.96,5
U00422,user_422,13820698113,网约车用户,SUV,特斯拉Model 3,2024-10-28,164,4050.85,8
U00423,user_423,13812595500,网约车用户,轿车,比亚迪汉,2023-09-12,45,2822.9,3
U00424,user_424,13894973551,出租车用户,出租车,特斯拉Model 3,2023-03-04,152,4011.9,5
U00425,user_425,13870897797,出租车用户,出租车,比亚迪汉,2023-06-28,132,4826.5,3
U00426,user_426,13869812792,出租车用户,轿车,理想ONE,2023-07-28,78,2018.27,6
U00427,user_427,13853446260,私家车用户,轿车,蔚来ES6,2023-01-30,120,171.11,3
U00428,user_428,13876791761,物流车用户,物流车,小鹏P7,2023-06-23,40,500.58,6
U00429,user_429,13846482509,物流车用户,轿车,特斯拉Model 3,2024-05-02,118,4916.84,8
U00430,user_430,13832021011,网约车用户,出租车,理想ONE,2023-09-21,32,1614.38,6
U00431,user_431,13825798828,物流车用户,物流车,比亚迪汉,2023-05-09,56,2573.67,3
U00432,user_432,13846952346,私家车用户,出租车,蔚来ES6,2024-09-21,26,1248.89,5
U00433,user_433,13840245933,网约车用户,出租车,小鹏P7,2024-06-16,132,2885.84,5
U00434,user_434,13831576373,物流车用户,MPV,比亚迪汉,2024-08-16,188,4673.12,1
U00435,user_435,13873081786,出租车用户,SUV,特斯拉Model 3,2023-05-27,162,170.57,4
U00436,user_436,13836527500,网约车用户,轿车,小鹏P7,2024-05-07,123,4288.4,4
U00437,user_437,13876468407,出租车用户,出租车,小鹏P7,2023-09-27,139,2199.31,5
U00438,user_438,13894296527,网约车用户,SUV,蔚来ES6,2023-12-16,124,3860.04,8
U00439,user_439,13825816609,网约车用户,轿车,蔚来ES6,2024-03-12,164,127.07,3
U00440,user_440,13825494721,物流车用户,轿车,特斯拉Model 3,2024-07-17,182,1478.57,6
U00441,user_441,13860308414,物流车用户,物流车,特斯拉Model 3,2024-05-31,46,1987.79,4
U00442,user_442,13833214634,私家车用户,SUV,蔚来ES6,2024-06-22,153,3899.69,1
U00443,user_443,13897356941,出租车用户,物流车,比亚迪汉,2024-01-19,40,500.69,3
U00444,user_444,13847073491,物流车用户,SUV,蔚来ES6,2023-02-20,102,1482.48,7
U00445,user_445,13888078667,网约车用户,SUV,蔚来ES6,2023-01-01,19,1256.65,5
U00446,user_446,13844202094,私家车用户,出租车,比亚迪汉,2023-05-28,123,4112.21,4
U00447,user_447,13874103612,物流车用户,出租车,小鹏P7,2023-07-18,63,4171.65,2
U00448,user_448,13847075525,出租车用户,出租车,特斯拉Model 3,2024-08-22,172,759.23,8
U00449,user_449,13833335513,网约车用户,轿车,特斯拉Model 3,2024-06-17,79,2621.2,8
U00450,user_450,13848048180,网约车用户,轿车,小鹏P7,2024-09-16,116,768.38,6
U00451,user_451,13854581671,物流车用户,MPV,特斯拉Model 3,2024-10-03,119,2129.55,3
U00452,user_452,13889835769,出租车用户,物流车,特斯拉Model 3,2023-04-01,187,3016.58,6
U00453,user_453,13849539102,物流车用户,出租车,特斯拉Model 3,2024-10-15,26,4325.84,5
U00454,user_454,13855195123,网约车用户,出租车,蔚来ES6,2024-01-01,21,64.63,8
U00455,user_455,13849779109,出租车用户,物流车,理想ONE,2024-11-12,68,519.83,8
U00456,user_456,13871579502,物流车用户,轿车,小鹏P7,2023-04-21,151,4191.03,2
U00457,user_457,13825552924,出租车用户,MPV,小鹏P7,2024-11-19,181,4518.95,7
U00458,user_458,13874511653,网约车用户,出租车,理想ONE,2024-08-10,133,186.38,7
U00459,user_459,13880741420,出租车用户,物流车,比亚迪汉,2023-01-25,161,4729.75,2
U00460,user_460,13857887752,私家车用户,出租车,蔚来ES6,2024-01-03,174,1720.25,4
U00461,user_461,13855328307,私家车用户,MPV,理想ONE,2024-12-16,162,1315.87,3
U00462,user_462,13844309966,网约车用户,出租车,蔚来ES6,2023-06-26,127,4283.23,6
U00463,user_463,13867639818,出租车用户,MPV,蔚来ES6,2023-04-14,184,452.16,7
U00464,user_464,13861269146,出租车用户,出租车,比亚迪汉,2023-09-29,181,2427.2,6
U00465,user_465,13881726922,出租车用户,SUV,蔚来ES6,2023-01-17,28,948.95,5
U00466,user_466,13892925853,出租车用户,出租车,小鹏P7,2024-12-13,19,993.1,2
U00467,user_467,13876295315,出租车用户,MPV,小鹏P7,2023-12-29,101,665.16,7
U00468,user_468,13826975815,私家车用户,MPV,比亚迪汉,2024-03-29,10,1229.52,3
U00469,user_469,13854851431,物流车用户,SUV,比亚迪汉,2023-09-09,57,2201.78,4
U00470,user_470,13833811203,网约车用户,SUV,特斯拉Model 3,2024-09-18,123,4189.65,7
U00471,user_471,13841497755,出租车用户,物流车,小鹏P7,2024-02-14,160,2877.28,7
U00472,user_472,13852846963,网约车用户,出租车,蔚来ES6,2024-01-09,60,1600.77,6
U00473,user_473,13822623203,网约车用户,SUV,小鹏P7,2024-08-15,32,483.11,8
U00474,user_474,13897716136,私家车用户,物流车,比亚迪汉,2023-12-23,183,3510.72,4
U00475,user_475,13886235409,私家车用户,出租车,小鹏P7,2024-03-24,127,2955.31,2
U00476,user_476,13838071362,物流车用户,物流车,特斯拉Model 3,2023-12-22,122,4337.89,3
U00477,user_477,13820446806,私家车用户,MPV,小鹏P7,2023-09-16,186,137.88,8
U00478,user_478,13880583184,物流车用户,SUV,理想ONE,2023-11-14,137,3486.03,5
U00479,user_479,13864154810,物流车用户,SUV,小鹏P7,2024-11-28,150,1572.29,1
U00480,user_480,13818676871,私家车用户,轿车,小鹏P7,2023-03-07,135,2068.56,3
U00481,user_481,13841885076,出租车用户,SUV,特斯拉Model 3,2024-10-26,126,3643.34,6
U00482,user_482,13824592542,物流车用户,物流车,理想ONE,2024-02-22,97,3482.08,3
U00483,user_483,13866243998,私家车用户,MPV,蔚来ES6,2023-07-01,181,2151.8,5
U00484,user_484,13891862486,出租车用户,MPV,理想ONE,2023-07-25,58,1756,2
U00485,user_485,13865658401,私家车用户,物流车,蔚来ES6,2023-01-21,155,304.5,1
U00486,user_486,13871132564,出租车用户,轿车,小鹏P7,2023-01-13,1,1634.3,5
U00487,user_487,13814537141,私家车用户,SUV,比亚迪汉,2024-10-13,158,2491.01,4
U00488,user_488,13866562588,出租车用户,物流车,蔚来ES6,2024-08-10,45,4457.18,3
U00489,user_489,13893123438,物流车用户,轿车,小鹏P7,2023-02-09,137,4441.17,2
U00490,user_490,13861065774,私家车用户,MPV,比亚迪汉,2024-08-27,132,836.93,2
U00491,user_491,13891534164,出租车用户,物流车,蔚来ES6,2024-04-10,168,2739.9,7
U00492,user_492,13883382906,私家车用户,MPV,比亚迪汉,2024-01-10,36,1197.26,8
U00493,user_493,13840857623,私家车用户,MPV,特斯拉Model 3,2024-05-06,168,3538.19,2
U00494,user_494,13895172490,网约车用户,物流车,小鹏P7,2024-08-11,179,2659.63,7
U00495,user_495,13899514292,网约车用户,MPV,比亚迪汉,2024-04-03,195,990.21,7
U00496,user_496,13876238129,物流车用户,轿车,理想ONE,2023-01-25,125,521.59,8
U00497,user_497,13873706011,物流车用户,MPV,特斯拉Model 3,2024-06-24,10,940.39,2
U00498,user_498,13860319893,出租车用户,MPV,特斯拉Model 3,2024-07-01,7,236.04,5
U00499,user_499,13873064084,网约车用户,物流车,特斯拉Model 3,2024-12-01,111,3692.7,3
U00500,user_500,13893357075,私家车用户,SUV,特斯拉Model 3,2024-04-13,47,4461.78,6
,,,,,,,,,
,,,,,,,,,
