record_id,user_id,station_id,charge_start_time,charge_end_time,duration_minutes,energy_kwh,cost_yuan,payment_method,start_soc,end_soc
REC000001,U00366,299,2024-01-10 12:23:00,2024-01-10 14:44:00,141,1128,2820,微信支付,28,100
REC000002,U00024,64,2024-01-18 14:41:00,2024-01-18 15:48:00,67,536,1340,信用卡,13,89
REC000003,U00464,20,2024-01-12 04:34:00,2024-01-12 06:13:00,99,11.55,13.86,微信支付,22,87
REC000004,U00470,1523,2024-01-19 13:02:00,2024-01-19 13:28:00,26,208,520,微信支付,14,99
REC000005,U00319,1009,2024-01-13 00:00:00,2024-01-13 02:03:00,123,14.35,17.22,信用卡,28,100
REC000006,U00105,1269,2024-01-30 23:37:00,2024-01-31 01:01:00,84,168,302.4,支付宝,10,93
REC000007,U00194,1695,2024-01-13 21:44:00,2024-01-13 22:47:00,63,126,226.8,支付宝,18,99
REC000008,U00321,43,2024-01-19 05:57:00,2024-01-19 06:22:00,25,2.92,3.5,信用卡,24,84
REC000009,U00037,914,2024-01-30 06:25:00,2024-01-30 07:09:00,44,5.13,6.16,微信支付,15,95
REC000010,U00094,273,2024-01-25 16:28:00,2024-01-25 18:06:00,98,784,1960,微信支付,18,92
REC000011,U00275,1167,2024-01-14 06:52:00,2024-01-14 08:19:00,87,174,313.2,信用卡,18,83
REC000012,U00203,490,2024-01-10 10:46:00,2024-01-10 11:23:00,37,296,740,信用卡,25,86
REC000013,U00266,521,2024-01-02 20:59:00,2024-01-02 23:14:00,135,1080,2700,支付宝,13,83
REC000014,U00020,937,2024-01-18 21:52:00,2024-01-18 22:54:00,62,7.23,8.68,微信支付,12,87
REC000015,U00316,1786,2024-01-18 03:07:00,2024-01-18 05:14:00,127,14.82,17.78,信用卡,14,94
REC000016,U00340,169,2024-01-24 04:05:00,2024-01-24 05:08:00,63,126,226.8,微信支付,20,81
REC000017,U00008,2330,2024-01-08 04:48:00,2024-01-08 06:30:00,102,11.9,14.28,支付宝,15,91
REC000018,U00103,1893,2024-01-30 13:34:00,2024-01-30 14:03:00,29,232,580,支付宝,22,84
REC000019,U00259,1196,2024-01-04 03:31:00,2024-01-04 04:43:00,72,8.4,10.08,微信支付,30,86
REC000020,U00337,1376,2024-01-21 05:21:00,2024-01-21 05:42:00,21,42,75.6,支付宝,12,87
REC000021,U00148,2165,2024-01-26 14:13:00,2024-01-26 15:09:00,56,448,1120,微信支付,27,90
REC000022,U00058,233,2024-01-04 05:08:00,2024-01-04 07:07:00,119,952,2380,信用卡,27,80
REC000023,U00371,696,2024-01-15 21:20:00,2024-01-15 23:09:00,109,872,2180,微信支付,14,83
REC000024,U00004,958,2024-01-18 14:23:00,2024-01-18 14:38:00,15,30,54,信用卡,11,92
REC000025,U00062,2323,2024-01-11 11:14:00,2024-01-11 14:09:00,175,1400,3500,微信支付,28,97
REC000026,U00011,303,2024-01-30 18:43:00,2024-01-30 20:59:00,136,1088,2720,信用卡,30,92
REC000027,U00352,1157,2024-01-29 06:53:00,2024-01-29 08:47:00,114,13.3,15.96,支付宝,17,95
REC000028,U00177,1025,2024-01-30 05:26:00,2024-01-30 07:37:00,131,15.28,18.34,支付宝,14,94
REC000029,U00451,2198,2024-01-17 15:21:00,2024-01-17 16:33:00,72,576,1440,微信支付,19,100
REC000030,U00494,715,2024-01-18 22:17:00,2024-01-18 23:37:00,80,9.33,11.2,微信支付,21,80
REC000031,U00413,1769,2024-01-14 21:31:00,2024-01-14 22:22:00,51,102,183.6,微信支付,24,93
REC000032,U00437,2218,2024-01-11 13:55:00,2024-01-11 15:52:00,117,936,2340,微信支付,30,91
REC000033,U00483,853,2024-01-19 17:14:00,2024-01-19 19:16:00,122,976,2440,支付宝,24,94
REC000034,U00488,1819,2024-01-18 22:16:00,2024-01-19 00:29:00,133,1064,2660,支付宝,20,90
REC000035,U00069,1634,2024-01-25 08:49:00,2024-01-25 09:56:00,67,536,1340,微信支付,16,86
REC000036,U00100,2329,2024-01-29 09:58:00,2024-01-29 11:46:00,108,864,2160,支付宝,27,93
REC000037,U00330,1536,2024-01-15 05:12:00,2024-01-15 06:21:00,69,138,248.4,支付宝,14,95
REC000038,U00278,446,2024-01-30 22:25:00,2024-01-31 00:35:00,130,1040,2600,支付宝,29,93
REC000039,U00103,209,2024-01-11 03:12:00,2024-01-11 04:53:00,101,808,2020,信用卡,15,92
REC000040,U00222,2120,2024-01-09 10:57:00,2024-01-09 13:05:00,128,1024,2560,微信支付,16,92
REC000041,U00342,2325,2024-01-09 02:14:00,2024-01-09 03:38:00,84,9.8,11.76,信用卡,28,84
REC000042,U00295,1647,2024-01-10 06:03:00,2024-01-10 06:56:00,53,424,1060,支付宝,20,94
REC000043,U00445,1007,2024-01-07 04:36:00,2024-01-07 06:55:00,139,1112,2780,支付宝,29,99
REC000044,U00377,2174,2024-01-29 20:02:00,2024-01-29 20:26:00,24,192,480,信用卡,13,82
REC000045,U00011,352,2024-01-01 15:28:00,2024-01-01 15:56:00,28,56,100.8,支付宝,12,90
REC000046,U00104,1462,2024-01-08 02:29:00,2024-01-08 03:38:00,69,138,248.4,支付宝,12,91
REC000047,U00299,1293,2024-01-21 13:49:00,2024-01-21 16:05:00,136,15.87,19.04,支付宝,15,89
REC000048,U00052,1243,2024-01-26 19:43:00,2024-01-26 20:38:00,55,440,1100,微信支付,15,93
REC000049,U00273,486,2024-01-29 09:20:00,2024-01-29 11:19:00,119,238,428.4,微信支付,27,97
REC000050,U00359,1924,2024-01-14 01:10:00,2024-01-14 02:28:00,78,624,1560,微信支付,14,94
REC000051,U00387,398,2024-01-03 01:00:00,2024-01-03 01:49:00,49,392,980,支付宝,25,92
REC000052,U00088,1954,2024-01-02 03:47:00,2024-01-02 06:32:00,165,330,594,信用卡,21,94
REC000053,U00293,2396,2024-01-09 12:36:00,2024-01-09 14:45:00,129,15.05,18.06,微信支付,25,98
REC000054,U00454,1409,2024-01-16 17:07:00,2024-01-16 17:43:00,36,72,129.6,支付宝,12,85
REC000055,U00320,553,2024-01-14 21:47:00,2024-01-14 23:42:00,115,230,414,微信支付,13,86
REC000056,U00150,1314,2024-01-05 00:44:00,2024-01-05 02:29:00,105,12.25,14.7,信用卡,25,80
REC000057,U00087,1712,2024-01-17 20:54:00,2024-01-17 22:13:00,79,158,284.4,微信支付,26,88
REC000058,U00463,2132,2024-01-02 07:36:00,2024-01-02 09:56:00,140,16.33,19.6,支付宝,15,81
REC000059,U00359,979,2024-01-15 04:55:00,2024-01-15 06:17:00,82,164,295.2,支付宝,23,90
REC000060,U00140,166,2024-01-31 03:17:00,2024-01-31 05:29:00,132,1056,2640,信用卡,12,90
REC000061,U00017,2259,2024-01-07 04:42:00,2024-01-07 07:36:00,174,348,626.4,微信支付,28,80
REC000062,U00195,1240,2024-01-10 08:03:00,2024-01-10 10:18:00,135,1080,2700,支付宝,22,81
REC000063,U00357,1108,2024-01-18 07:45:00,2024-01-18 09:25:00,100,800,2000,支付宝,26,93
REC000064,U00363,1668,2024-01-16 19:41:00,2024-01-16 20:29:00,48,5.6,6.72,支付宝,18,97
REC000065,U00251,791,2024-01-14 01:37:00,2024-01-14 03:00:00,83,664,1660,微信支付,24,82
REC000066,U00442,1306,2024-01-24 09:44:00,2024-01-24 10:28:00,44,352,880,微信支付,14,83
REC000067,U00039,996,2024-01-09 07:26:00,2024-01-09 09:16:00,110,220,396,微信支付,14,98
REC000068,U00399,971,2024-01-05 05:26:00,2024-01-05 06:00:00,34,68,122.4,微信支付,10,90
REC000069,U00080,289,2024-01-27 18:31:00,2024-01-27 21:26:00,175,1400,3500,支付宝,30,90
REC000070,U00314,434,2024-01-06 19:13:00,2024-01-06 19:42:00,29,58,104.4,信用卡,14,86
REC000071,U00096,333,2024-01-05 10:09:00,2024-01-05 10:47:00,38,4.43,5.32,微信支付,23,87
REC000072,U00026,862,2024-01-04 20:44:00,2024-01-04 22:38:00,114,13.3,15.96,支付宝,30,96
REC000073,U00244,790,2024-01-10 05:30:00,2024-01-10 07:51:00,141,282,507.6,信用卡,15,95
REC000074,U00375,1180,2024-01-28 04:24:00,2024-01-28 04:54:00,30,240,600,支付宝,15,96
REC000075,U00041,26,2024-01-09 06:04:00,2024-01-09 07:09:00,65,130,234,支付宝,14,97
REC000076,U00499,2357,2024-01-09 20:48:00,2024-01-09 21:34:00,46,368,920,信用卡,12,86
REC000077,U00435,767,2024-01-15 21:03:00,2024-01-15 22:16:00,73,146,262.8,微信支付,22,100
REC000078,U00308,1216,2024-01-20 00:19:00,2024-01-20 02:43:00,144,288,518.4,信用卡,19,86
REC000079,U00129,1748,2024-01-16 22:34:00,2024-01-16 23:50:00,76,608,1520,信用卡,10,100
REC000080,U00145,1031,2024-01-08 14:08:00,2024-01-08 14:39:00,31,3.62,4.34,微信支付,12,95
REC000081,U00463,1410,2024-01-03 23:58:00,2024-01-04 02:51:00,173,20.18,24.22,支付宝,12,94
REC000082,U00382,50,2024-01-05 06:22:00,2024-01-05 07:58:00,96,11.2,13.44,信用卡,21,99
REC000083,U00292,270,2024-01-13 04:39:00,2024-01-13 06:15:00,96,768,1920,支付宝,21,95
REC000084,U00256,1518,2024-01-14 21:56:00,2024-01-15 00:16:00,140,16.33,19.6,支付宝,27,86
REC000085,U00301,935,2024-01-09 00:17:00,2024-01-09 00:42:00,25,50,90,信用卡,21,93
REC000086,U00451,1905,2024-01-22 06:14:00,2024-01-22 07:52:00,98,11.43,13.72,支付宝,24,94
REC000087,U00079,1853,2024-01-07 17:11:00,2024-01-07 19:04:00,113,226,406.8,支付宝,10,84
REC000088,U00196,1298,2024-01-30 00:31:00,2024-01-30 01:24:00,53,424,1060,支付宝,21,80
REC000089,U00406,1780,2024-01-09 02:43:00,2024-01-09 03:36:00,53,424,1060,信用卡,15,86
REC000090,U00009,389,2024-01-19 01:23:00,2024-01-19 03:38:00,135,270,486,微信支付,18,90
REC000091,U00012,811,2024-01-23 21:12:00,2024-01-23 23:07:00,115,920,2300,微信支付,19,97
REC000092,U00117,1138,2024-01-09 21:28:00,2024-01-09 23:47:00,139,278,500.4,信用卡,25,93
REC000093,U00486,1783,2024-01-08 12:34:00,2024-01-08 14:53:00,139,16.22,19.46,信用卡,11,91
REC000094,U00035,435,2024-01-15 23:06:00,2024-01-16 01:23:00,137,274,493.2,信用卡,19,84
REC000095,U00266,964,2024-01-23 17:49:00,2024-01-23 18:59:00,70,8.17,9.8,支付宝,25,80
REC000096,U00324,1262,2024-01-08 11:14:00,2024-01-08 12:55:00,101,202,363.6,信用卡,19,99
REC000097,U00314,1758,2024-01-06 19:05:00,2024-01-06 21:53:00,168,19.6,23.52,微信支付,26,89
REC000098,U00372,1398,2024-01-18 05:48:00,2024-01-18 06:35:00,47,376,940,支付宝,28,95
REC000099,U00010,259,2024-01-21 14:19:00,2024-01-21 16:08:00,109,12.72,15.26,支付宝,17,86
REC000100,U00353,1337,2024-01-11 20:58:00,2024-01-11 22:33:00,95,760,1900,信用卡,25,88
REC000101,U00175,2274,2024-01-27 12:28:00,2024-01-27 14:07:00,99,11.55,13.86,信用卡,16,84
REC000102,U00401,1319,2024-01-30 01:03:00,2024-01-30 03:44:00,161,18.78,22.54,微信支付,28,99
REC000103,U00417,971,2024-01-12 14:04:00,2024-01-12 16:24:00,140,280,504,信用卡,25,80
REC000104,U00262,1284,2024-01-05 14:24:00,2024-01-05 16:17:00,113,904,2260,微信支付,29,90
REC000105,U00271,334,2024-01-23 14:14:00,2024-01-23 16:27:00,133,266,478.8,信用卡,18,82
REC000106,U00200,1842,2024-01-10 01:00:00,2024-01-10 02:25:00,85,9.92,11.9,信用卡,14,91
REC000107,U00243,242,2024-01-12 11:20:00,2024-01-12 12:32:00,72,8.4,10.08,信用卡,10,90
REC000108,U00423,1459,2024-01-29 11:55:00,2024-01-29 14:13:00,138,16.1,19.32,信用卡,14,88
REC000109,U00249,1311,2024-01-15 13:09:00,2024-01-15 15:58:00,169,338,608.4,信用卡,16,100
REC000110,U00491,771,2024-01-28 10:43:00,2024-01-28 13:32:00,169,338,608.4,微信支付,19,81
REC000111,U00269,799,2024-01-24 04:38:00,2024-01-24 06:05:00,87,696,1740,微信支付,22,93
REC000112,U00153,45,2024-01-13 03:04:00,2024-01-13 04:11:00,67,536,1340,微信支付,19,80
REC000113,U00334,119,2024-01-30 13:24:00,2024-01-30 15:26:00,122,244,439.2,微信支付,21,94
REC000114,U00229,605,2024-01-29 17:38:00,2024-01-29 19:30:00,112,896,2240,信用卡,15,99
REC000115,U00389,1820,2024-01-15 13:04:00,2024-01-15 13:46:00,42,336,840,支付宝,24,88
REC000116,U00362,811,2024-01-28 20:30:00,2024-01-28 22:41:00,131,1048,2620,支付宝,15,98
REC000117,U00166,527,2024-01-02 00:31:00,2024-01-02 01:17:00,46,5.37,6.44,微信支付,20,97
REC000118,U00189,1955,2024-01-07 16:49:00,2024-01-07 18:24:00,95,760,1900,信用卡,22,97
REC000119,U00322,105,2024-01-21 00:19:00,2024-01-21 03:19:00,180,1440,3600,支付宝,22,85
REC000120,U00314,1338,2024-01-02 19:43:00,2024-01-02 22:42:00,179,358,644.4,支付宝,20,98
REC000121,U00021,2329,2024-01-24 12:55:00,2024-01-24 13:24:00,29,232,580,信用卡,14,95
REC000122,U00475,262,2024-01-04 08:09:00,2024-01-04 08:59:00,50,400,1000,微信支付,13,96
REC000123,U00482,670,2024-01-11 22:41:00,2024-01-11 23:19:00,38,76,136.8,支付宝,21,90
REC000124,U00212,333,2024-01-16 21:16:00,2024-01-16 21:48:00,32,3.73,4.48,支付宝,22,97
REC000125,U00269,255,2024-01-20 04:46:00,2024-01-20 07:45:00,179,1432,3580,支付宝,14,97
REC000126,U00417,367,2024-01-10 16:22:00,2024-01-10 18:31:00,129,1032,2580,微信支付,13,88
REC000127,U00123,932,2024-01-03 19:43:00,2024-01-03 22:43:00,180,21,25.2,信用卡,27,80
REC000128,U00330,215,2024-01-11 12:19:00,2024-01-11 14:36:00,137,1096,2740,微信支付,11,87
REC000129,U00487,953,2024-01-08 04:42:00,2024-01-08 05:32:00,50,100,180,信用卡,20,90
REC000130,U00388,1588,2024-01-30 02:51:00,2024-01-30 04:47:00,116,13.53,16.24,微信支付,26,89
REC000131,U00013,2017,2024-01-20 03:13:00,2024-01-20 05:48:00,155,18.08,21.7,微信支付,11,86
REC000132,U00107,148,2024-01-11 16:40:00,2024-01-11 19:24:00,164,1312,3280,支付宝,10,91
REC000133,U00298,331,2024-01-18 00:04:00,2024-01-18 02:29:00,145,16.92,20.3,微信支付,22,86
REC000134,U00275,624,2024-01-01 14:01:00,2024-01-01 16:56:00,175,20.42,24.5,信用卡,29,89
REC000135,U00285,1089,2024-01-18 06:50:00,2024-01-18 09:15:00,145,290,522,支付宝,15,86
REC000136,U00172,1050,2024-01-10 03:50:00,2024-01-10 05:28:00,98,11.43,13.72,支付宝,22,83
REC000137,U00232,1169,2024-01-02 13:28:00,2024-01-02 15:37:00,129,15.05,18.06,信用卡,30,96
REC000138,U00105,1662,2024-01-09 15:53:00,2024-01-09 16:36:00,43,5.02,6.02,微信支付,22,83
REC000139,U00103,843,2024-01-27 04:49:00,2024-01-27 06:20:00,91,728,1820,信用卡,16,98
REC000140,U00185,1243,2024-01-22 08:34:00,2024-01-22 09:02:00,28,224,560,信用卡,30,87
REC000141,U00456,2322,2024-01-12 17:36:00,2024-01-12 18:46:00,70,140,252,信用卡,10,89
REC000142,U00111,51,2024-01-09 11:36:00,2024-01-09 13:16:00,100,800,2000,微信支付,25,92
REC000143,U00235,1341,2024-01-19 00:48:00,2024-01-19 03:37:00,169,19.72,23.66,微信支付,25,95
REC000144,U00306,2298,2024-01-14 05:40:00,2024-01-14 06:58:00,78,9.1,10.92,微信支付,29,83
REC000145,U00437,2,2024-01-02 16:04:00,2024-01-02 18:57:00,173,1384,3460,微信支付,10,88
REC000146,U00156,1,2024-01-21 12:07:00,2024-01-21 13:59:00,112,13.07,15.68,信用卡,28,85
REC000147,U00028,399,2024-01-18 00:00:00,2024-01-18 01:10:00,70,140,252,信用卡,16,93
REC000148,U00039,1528,2024-01-13 23:48:00,2024-01-14 01:49:00,121,242,435.6,信用卡,10,89
REC000149,U00461,144,2024-01-06 17:09:00,2024-01-06 18:41:00,92,10.73,12.88,微信支付,18,94
REC000150,U00062,839,2024-01-30 05:27:00,2024-01-30 05:49:00,22,176,440,支付宝,15,80
REC000151,U00045,462,2024-01-11 22:28:00,2024-01-12 00:39:00,131,1048,2620,信用卡,27,88
REC000152,U00012,1107,2024-01-26 21:11:00,2024-01-26 23:28:00,137,1096,2740,微信支付,14,86
REC000153,U00204,267,2024-01-18 10:14:00,2024-01-18 10:36:00,22,44,79.2,微信支付,25,93
REC000154,U00212,1908,2024-01-09 05:10:00,2024-01-09 05:28:00,18,144,360,信用卡,11,82
REC000155,U00364,1151,2024-01-14 01:32:00,2024-01-14 03:49:00,137,15.98,19.18,微信支付,18,80
REC000156,U00494,1114,2024-01-09 19:25:00,2024-01-09 20:40:00,75,600,1500,信用卡,24,80
REC000157,U00448,181,2024-01-26 21:10:00,2024-01-26 23:16:00,126,1008,2520,信用卡,25,87
REC000158,U00147,194,2024-01-17 19:37:00,2024-01-17 20:14:00,37,4.32,5.18,信用卡,21,94
REC000159,U00279,1936,2024-01-08 17:01:00,2024-01-08 18:51:00,110,880,2200,信用卡,21,97
REC000160,U00075,2215,2024-01-15 20:18:00,2024-01-15 23:16:00,178,1424,3560,支付宝,23,85
REC000161,U00206,2377,2024-01-18 04:26:00,2024-01-18 06:40:00,134,1072,2680,支付宝,19,84
REC000162,U00346,2026,2024-01-25 22:18:00,2024-01-26 00:17:00,119,238,428.4,支付宝,23,82
REC000163,U00454,1038,2024-01-07 12:20:00,2024-01-07 14:00:00,100,200,360,支付宝,30,94
REC000164,U00386,1847,2024-01-25 18:57:00,2024-01-25 19:54:00,57,6.65,7.98,微信支付,20,96
REC000165,U00307,595,2024-01-16 19:10:00,2024-01-16 21:43:00,153,306,550.8,信用卡,15,98
REC000166,U00418,572,2024-01-10 14:48:00,2024-01-10 16:44:00,116,13.53,16.24,微信支付,23,83
REC000167,U00279,2054,2024-01-03 03:51:00,2024-01-03 06:19:00,148,17.27,20.72,微信支付,28,80
REC000168,U00479,1044,2024-01-26 07:14:00,2024-01-26 08:11:00,57,456,1140,信用卡,17,90
REC000169,U00060,2004,2024-01-16 01:31:00,2024-01-16 03:21:00,110,880,2200,信用卡,22,96
REC000170,U00113,1609,2024-01-27 12:15:00,2024-01-27 13:59:00,104,208,374.4,信用卡,23,83
REC000171,U00328,925,2024-01-30 13:18:00,2024-01-30 15:29:00,131,1048,2620,微信支付,16,80
REC000172,U00410,2067,2024-01-06 03:44:00,2024-01-06 06:05:00,141,1128,2820,微信支付,12,89
REC000173,U00387,991,2024-01-19 17:35:00,2024-01-19 19:07:00,92,736,1840,微信支付,27,100
REC000174,U00488,396,2024-01-09 22:37:00,2024-01-09 22:58:00,21,2.45,2.94,微信支付,10,89
REC000175,U00107,496,2024-01-09 16:50:00,2024-01-09 17:23:00,33,3.85,4.62,微信支付,18,94
REC000176,U00217,488,2024-01-17 12:30:00,2024-01-17 14:28:00,118,944,2360,微信支付,29,89
REC000177,U00199,1406,2024-01-18 07:30:00,2024-01-18 08:38:00,68,544,1360,支付宝,23,99
REC000178,U00326,1960,2024-01-29 05:31:00,2024-01-29 08:17:00,166,1328,3320,微信支付,25,81
REC000179,U00164,2048,2024-01-17 05:55:00,2024-01-17 06:17:00,22,176,440,支付宝,25,92
REC000180,U00395,2208,2024-01-05 17:02:00,2024-01-05 19:05:00,123,984,2460,信用卡,28,99
REC000181,U00486,1438,2024-01-23 13:32:00,2024-01-23 13:53:00,21,2.45,2.94,支付宝,11,95
REC000182,U00244,356,2024-01-12 17:25:00,2024-01-12 19:59:00,154,17.97,21.56,微信支付,12,87
REC000183,U00233,386,2024-01-18 12:53:00,2024-01-18 14:34:00,101,11.78,14.14,微信支付,29,95
REC000184,U00166,141,2024-01-15 08:23:00,2024-01-15 10:59:00,156,1248,3120,信用卡,24,86
REC000185,U00049,1682,2024-01-01 17:14:00,2024-01-01 18:01:00,47,94,169.2,信用卡,10,96
REC000186,U00036,1821,2024-01-24 02:23:00,2024-01-24 03:24:00,61,7.12,8.54,支付宝,18,98
REC000187,U00411,1590,2024-01-25 15:05:00,2024-01-25 15:32:00,27,54,97.2,支付宝,28,83
REC000188,U00252,2117,2024-01-09 03:57:00,2024-01-09 06:07:00,130,15.17,18.2,支付宝,15,81
REC000189,U00308,1190,2024-01-16 07:59:00,2024-01-16 10:03:00,124,992,2480,微信支付,14,82
REC000190,U00247,816,2024-01-23 09:06:00,2024-01-23 10:24:00,78,624,1560,微信支付,22,100
REC000191,U00396,724,2024-01-18 09:28:00,2024-01-18 09:54:00,26,208,520,支付宝,15,87
REC000192,U00444,1393,2024-01-27 19:24:00,2024-01-27 21:45:00,141,16.45,19.74,微信支付,24,83
REC000193,U00085,416,2024-01-07 14:02:00,2024-01-07 14:50:00,48,5.6,6.72,信用卡,29,98
REC000194,U00225,97,2024-01-23 19:55:00,2024-01-23 21:43:00,108,864,2160,信用卡,23,80
REC000195,U00460,2152,2024-01-18 00:16:00,2024-01-18 03:13:00,177,1416,3540,信用卡,13,93
REC000196,U00018,1941,2024-01-13 22:38:00,2024-01-14 00:44:00,126,252,453.6,信用卡,23,82
REC000197,U00045,267,2024-01-13 05:01:00,2024-01-13 06:47:00,106,212,381.6,支付宝,22,96
REC000198,U00465,997,2024-01-07 12:12:00,2024-01-07 12:57:00,45,5.25,6.3,微信支付,15,82
REC000199,U00096,2337,2024-01-10 04:38:00,2024-01-10 06:47:00,129,258,464.4,信用卡,27,91
REC000200,U00135,2283,2024-01-22 23:58:00,2024-01-23 00:30:00,32,64,115.2,信用卡,15,98
REC000201,U00060,1693,2024-01-26 17:18:00,2024-01-26 17:43:00,25,200,500,微信支付,16,84
REC000202,U00069,1231,2024-01-19 00:45:00,2024-01-19 01:02:00,17,34,61.2,支付宝,11,96
REC000203,U00058,50,2024-01-25 02:57:00,2024-01-25 04:20:00,83,9.68,11.62,信用卡,26,80
REC000204,U00451,1243,2024-01-07 11:42:00,2024-01-07 13:18:00,96,768,1920,微信支付,25,86
REC000205,U00340,773,2024-01-22 20:33:00,2024-01-22 22:50:00,137,15.98,19.18,支付宝,16,83
REC000206,U00199,707,2024-01-26 10:03:00,2024-01-26 13:00:00,177,1416,3540,信用卡,27,82
REC000207,U00342,599,2024-01-07 00:40:00,2024-01-07 03:05:00,145,16.92,20.3,微信支付,12,95
REC000208,U00038,2103,2024-01-27 00:23:00,2024-01-27 01:20:00,57,456,1140,微信支付,30,93
REC000209,U00481,1482,2024-01-11 12:08:00,2024-01-11 13:30:00,82,9.57,11.48,支付宝,11,93
REC000210,U00446,176,2024-01-15 20:03:00,2024-01-15 21:59:00,116,928,2320,微信支付,16,91
REC000211,U00231,1601,2024-01-28 20:23:00,2024-01-28 21:35:00,72,576,1440,信用卡,14,95
REC000212,U00456,2088,2024-01-19 18:02:00,2024-01-19 21:02:00,180,360,648,信用卡,15,87
REC000213,U00148,2136,2024-01-23 21:00:00,2024-01-23 21:34:00,34,68,122.4,支付宝,29,80
REC000214,U00034,1710,2024-01-26 19:30:00,2024-01-26 20:06:00,36,4.2,5.04,信用卡,14,100
REC000215,U00190,164,2024-01-13 20:58:00,2024-01-13 22:53:00,115,230,414,支付宝,24,100
REC000216,U00156,1399,2024-01-25 14:40:00,2024-01-25 17:29:00,169,19.72,23.66,支付宝,19,95
REC000217,U00250,2095,2024-01-18 19:43:00,2024-01-18 22:28:00,165,330,594,信用卡,27,99
REC000218,U00071,2352,2024-01-22 14:37:00,2024-01-22 16:18:00,101,202,363.6,微信支付,25,90
REC000219,U00265,2183,2024-01-29 07:14:00,2024-01-29 10:10:00,176,352,633.6,微信支付,18,100
REC000220,U00479,1099,2024-01-13 14:16:00,2024-01-13 15:44:00,88,704,1760,信用卡,26,87
REC000221,U00475,1283,2024-01-16 00:04:00,2024-01-16 01:20:00,76,608,1520,信用卡,16,91
REC000222,U00099,1255,2024-01-16 11:54:00,2024-01-16 14:21:00,147,1176,2940,信用卡,23,88
REC000223,U00307,1081,2024-01-20 12:57:00,2024-01-20 14:00:00,63,504,1260,信用卡,14,89
REC000224,U00352,779,2024-01-17 16:50:00,2024-01-17 19:23:00,153,1224,3060,信用卡,20,86
REC000225,U00298,1896,2024-01-24 22:06:00,2024-01-24 23:05:00,59,118,212.4,微信支付,19,100
REC000226,U00106,1012,2024-01-28 11:19:00,2024-01-28 14:16:00,177,1416,3540,支付宝,15,100
REC000227,U00192,2036,2024-01-12 10:17:00,2024-01-12 12:12:00,115,230,414,支付宝,18,98
REC000228,U00276,1881,2024-01-16 18:53:00,2024-01-16 19:45:00,52,104,187.2,支付宝,29,82
REC000229,U00064,1035,2024-01-18 09:18:00,2024-01-18 11:53:00,155,310,558,支付宝,10,82
REC000230,U00416,774,2024-01-12 20:19:00,2024-01-12 22:40:00,141,1128,2820,支付宝,27,98
REC000231,U00262,1135,2024-01-27 01:48:00,2024-01-27 03:50:00,122,976,2440,微信支付,18,81
REC000232,U00322,1752,2024-01-23 12:43:00,2024-01-23 15:30:00,167,334,601.2,微信支付,25,93
REC000233,U00161,1585,2024-01-06 16:27:00,2024-01-06 17:17:00,50,5.83,7,微信支付,13,91
REC000234,U00022,224,2024-01-04 10:45:00,2024-01-04 12:11:00,86,688,1720,微信支付,27,97
REC000235,U00066,1100,2024-01-05 14:44:00,2024-01-05 16:47:00,123,14.35,17.22,微信支付,11,98
REC000236,U00006,246,2024-01-06 07:42:00,2024-01-06 09:23:00,101,202,363.6,信用卡,18,89
REC000237,U00124,1761,2024-01-11 17:45:00,2024-01-11 18:56:00,71,142,255.6,信用卡,29,98
REC000238,U00476,1093,2024-01-26 09:36:00,2024-01-26 11:21:00,105,840,2100,微信支付,14,80
REC000239,U00300,2268,2024-01-15 15:56:00,2024-01-15 17:07:00,71,142,255.6,微信支付,22,86
REC000240,U00316,2219,2024-01-02 01:02:00,2024-01-02 01:58:00,56,112,201.6,微信支付,28,99
REC000241,U00415,1105,2024-01-23 09:07:00,2024-01-23 09:53:00,46,368,920,微信支付,17,93
REC000242,U00124,906,2024-01-22 03:54:00,2024-01-22 06:45:00,171,1368,3420,微信支付,15,87
REC000243,U00055,1145,2024-01-01 09:27:00,2024-01-01 10:43:00,76,8.87,10.64,信用卡,19,93
REC000244,U00441,2375,2024-01-28 13:03:00,2024-01-28 14:56:00,113,904,2260,支付宝,16,87
REC000245,U00434,412,2024-01-04 23:33:00,2024-01-05 01:32:00,119,238,428.4,信用卡,24,94
REC000246,U00379,616,2024-01-18 17:56:00,2024-01-18 20:48:00,172,344,619.2,支付宝,10,97
REC000247,U00106,1113,2024-01-23 14:52:00,2024-01-23 16:58:00,126,1008,2520,信用卡,20,90
REC000248,U00256,85,2024-01-24 08:23:00,2024-01-24 11:15:00,172,20.07,24.08,支付宝,24,99
REC000249,U00191,842,2024-01-07 19:50:00,2024-01-07 20:24:00,34,272,680,信用卡,22,85
REC000250,U00107,1655,2024-01-11 04:02:00,2024-01-11 05:37:00,95,760,1900,支付宝,22,88
REC000251,U00367,1019,2024-01-14 11:29:00,2024-01-14 12:43:00,74,148,266.4,支付宝,29,95
REC000252,U00352,100,2024-01-26 21:17:00,2024-01-26 22:34:00,77,616,1540,信用卡,12,94
REC000253,U00200,90,2024-01-27 06:24:00,2024-01-27 08:07:00,103,824,2060,支付宝,22,80
REC000254,U00224,2011,2024-01-21 12:24:00,2024-01-21 14:27:00,123,246,442.8,微信支付,23,88
REC000255,U00118,1427,2024-01-13 11:57:00,2024-01-13 13:45:00,108,12.6,15.12,支付宝,25,85
REC000256,U00113,691,2024-01-27 21:30:00,2024-01-28 00:30:00,180,21,25.2,信用卡,29,96
REC000257,U00434,802,2024-01-02 21:38:00,2024-01-02 23:30:00,112,896,2240,支付宝,11,87
REC000258,U00363,369,2024-01-08 11:24:00,2024-01-08 12:02:00,38,4.43,5.32,信用卡,27,81
REC000259,U00041,1026,2024-01-25 03:43:00,2024-01-25 05:03:00,80,640,1600,支付宝,14,89
REC000260,U00440,581,2024-01-21 02:06:00,2024-01-21 03:32:00,86,172,309.6,微信支付,17,93
REC000261,U00086,1277,2024-01-24 22:32:00,2024-01-24 23:04:00,32,64,115.2,微信支付,12,99
REC000262,U00294,214,2024-01-31 01:01:00,2024-01-31 02:01:00,60,480,1200,支付宝,27,95
REC000263,U00459,1734,2024-01-08 21:25:00,2024-01-08 22:40:00,75,150,270,微信支付,16,99
REC000264,U00035,316,2024-01-05 20:52:00,2024-01-05 22:15:00,83,9.68,11.62,微信支付,27,83
REC000265,U00284,1895,2024-01-18 00:58:00,2024-01-18 01:58:00,60,7,8.4,微信支付,27,85
REC000266,U00403,1007,2024-01-01 15:33:00,2024-01-01 17:11:00,98,784,1960,微信支付,18,96
REC000267,U00257,85,2024-01-24 05:03:00,2024-01-24 05:32:00,29,3.38,4.06,支付宝,14,85
REC000268,U00241,199,2024-01-08 08:17:00,2024-01-08 09:05:00,48,96,172.8,微信支付,29,91
REC000269,U00401,2351,2024-01-13 23:02:00,2024-01-14 01:15:00,133,15.52,18.62,微信支付,24,85
REC000270,U00366,451,2024-01-12 13:07:00,2024-01-12 14:03:00,56,112,201.6,信用卡,29,81
REC000271,U00194,275,2024-01-07 10:26:00,2024-01-07 10:41:00,15,1.75,2.1,支付宝,24,96
REC000272,U00347,2007,2024-01-19 05:27:00,2024-01-19 08:02:00,155,1240,3100,信用卡,22,96
REC000273,U00493,1912,2024-01-30 17:04:00,2024-01-30 19:32:00,148,1184,2960,支付宝,29,98
REC000274,U00385,1660,2024-01-12 16:37:00,2024-01-12 19:06:00,149,17.38,20.86,支付宝,15,96
REC000275,U00065,2047,2024-01-02 21:46:00,2024-01-02 22:53:00,67,134,241.2,微信支付,29,91
REC000276,U00060,1223,2024-01-28 18:09:00,2024-01-28 20:09:00,120,960,2400,支付宝,22,89
REC000277,U00013,1531,2024-01-15 13:34:00,2024-01-15 15:53:00,139,16.22,19.46,微信支付,10,86
REC000278,U00397,1784,2024-01-30 07:21:00,2024-01-30 08:13:00,52,416,1040,支付宝,28,84
REC000279,U00203,1237,2024-01-12 09:03:00,2024-01-12 09:54:00,51,408,1020,微信支付,17,94
REC000280,U00250,1036,2024-01-19 10:04:00,2024-01-19 12:18:00,134,268,482.4,信用卡,24,91
REC000281,U00238,839,2024-01-07 04:26:00,2024-01-07 06:27:00,121,968,2420,微信支付,17,84
REC000282,U00152,415,2024-01-18 06:32:00,2024-01-18 07:00:00,28,224,560,支付宝,24,92
REC000283,U00040,1776,2024-01-28 11:26:00,2024-01-28 12:56:00,90,720,1800,支付宝,26,97
REC000284,U00021,1955,2024-01-23 01:41:00,2024-01-23 02:13:00,32,256,640,支付宝,20,86
REC000285,U00473,1272,2024-01-24 07:28:00,2024-01-24 08:25:00,57,114,205.2,微信支付,13,84
REC000286,U00139,2301,2024-01-03 23:24:00,2024-01-03 23:45:00,21,2.45,2.94,信用卡,16,100
REC000287,U00191,2135,2024-01-02 08:22:00,2024-01-02 10:31:00,129,1032,2580,支付宝,20,99
REC000288,U00178,1886,2024-01-29 13:08:00,2024-01-29 14:46:00,98,196,352.8,支付宝,21,81
REC000289,U00300,2118,2024-01-06 20:40:00,2024-01-06 22:47:00,127,1016,2540,支付宝,23,96
REC000290,U00342,149,2024-01-26 04:33:00,2024-01-26 07:12:00,159,18.55,22.26,信用卡,12,84
REC000291,U00170,1548,2024-01-21 06:26:00,2024-01-21 09:23:00,177,354,637.2,支付宝,14,84
REC000292,U00048,805,2024-01-29 07:47:00,2024-01-29 09:40:00,113,226,406.8,支付宝,22,87
REC000293,U00023,172,2024-01-15 00:51:00,2024-01-15 01:09:00,18,144,360,微信支付,16,93
REC000294,U00100,2332,2024-01-20 06:07:00,2024-01-20 07:00:00,53,424,1060,支付宝,27,98
REC000295,U00470,1046,2024-01-10 20:02:00,2024-01-10 20:17:00,15,120,300,微信支付,15,81
REC000296,U00373,1088,2024-01-23 05:11:00,2024-01-23 05:42:00,31,3.62,4.34,微信支付,24,85
REC000297,U00059,2022,2024-01-04 21:20:00,2024-01-04 23:32:00,132,264,475.2,支付宝,29,91
REC000298,U00490,1921,2024-01-12 23:53:00,2024-01-13 02:35:00,162,324,583.2,信用卡,27,90
REC000299,U00270,1338,2024-01-08 07:57:00,2024-01-08 10:42:00,165,330,594,信用卡,18,99
REC000300,U00116,1005,2024-01-02 06:16:00,2024-01-02 08:22:00,126,1008,2520,支付宝,18,90
REC000301,U00154,2085,2024-01-23 22:54:00,2024-01-24 00:52:00,118,13.77,16.52,微信支付,28,89
REC000302,U00055,1056,2024-01-07 23:37:00,2024-01-08 02:14:00,157,1256,3140,微信支付,17,87
REC000303,U00464,1902,2024-01-08 05:23:00,2024-01-08 06:03:00,40,320,800,信用卡,27,96
REC000304,U00212,1487,2024-01-19 10:44:00,2024-01-19 12:46:00,122,244,439.2,信用卡,20,89
REC000305,U00125,333,2024-01-08 15:26:00,2024-01-08 18:20:00,174,20.3,24.36,支付宝,12,90
REC000306,U00224,234,2024-01-19 17:22:00,2024-01-19 19:27:00,125,250,450,微信支付,23,95
REC000307,U00171,126,2024-01-18 02:33:00,2024-01-18 03:18:00,45,360,900,支付宝,17,95
REC000308,U00476,2015,2024-01-19 06:54:00,2024-01-19 09:39:00,165,330,594,微信支付,22,93
REC000309,U00147,964,2024-01-12 07:40:00,2024-01-12 10:31:00,171,19.95,23.94,微信支付,20,85
REC000310,U00304,1340,2024-01-18 09:37:00,2024-01-18 10:13:00,36,72,129.6,微信支付,12,82
REC000311,U00077,35,2024-01-25 20:13:00,2024-01-25 22:17:00,124,248,446.4,支付宝,12,100
REC000312,U00027,623,2024-01-01 08:16:00,2024-01-01 10:31:00,135,15.75,18.9,微信支付,11,84
REC000313,U00432,1194,2024-01-17 22:36:00,2024-01-18 00:22:00,106,212,381.6,信用卡,28,82
REC000314,U00085,166,2024-01-15 08:20:00,2024-01-15 09:59:00,99,792,1980,微信支付,11,98
REC000315,U00021,338,2024-01-29 05:02:00,2024-01-29 05:17:00,15,30,54,微信支付,15,92
REC000316,U00056,2009,2024-01-13 09:59:00,2024-01-13 12:45:00,166,332,597.6,支付宝,29,96
REC000317,U00426,294,2024-01-29 03:16:00,2024-01-29 04:43:00,87,696,1740,微信支付,12,94
REC000318,U00081,1065,2024-01-30 12:50:00,2024-01-30 15:16:00,146,17.03,20.44,微信支付,25,99
REC000319,U00353,917,2024-01-14 03:52:00,2024-01-14 04:15:00,23,2.68,3.22,支付宝,20,85
REC000320,U00415,1937,2024-01-21 20:15:00,2024-01-21 22:01:00,106,12.37,14.84,信用卡,19,89
REC000321,U00215,1643,2024-01-11 22:49:00,2024-01-12 00:23:00,94,10.97,13.16,信用卡,20,86
REC000322,U00237,986,2024-01-08 00:26:00,2024-01-08 01:20:00,54,432,1080,微信支付,12,81
REC000323,U00076,483,2024-01-06 03:36:00,2024-01-06 05:45:00,129,15.05,18.06,微信支付,14,82
REC000324,U00395,1158,2024-01-16 09:25:00,2024-01-16 11:01:00,96,11.2,13.44,信用卡,17,95
REC000325,U00210,1784,2024-01-06 19:55:00,2024-01-06 22:54:00,179,1432,3580,信用卡,27,98
REC000326,U00480,1240,2024-01-10 19:07:00,2024-01-10 21:23:00,136,1088,2720,信用卡,11,91
REC000327,U00201,642,2024-01-09 23:09:00,2024-01-10 00:52:00,103,206,370.8,微信支付,11,81
REC000328,U00200,1033,2024-01-09 17:46:00,2024-01-09 20:08:00,142,284,511.2,支付宝,22,90
REC000329,U00069,1842,2024-01-16 03:04:00,2024-01-16 05:07:00,123,14.35,17.22,信用卡,20,98
REC000330,U00004,754,2024-01-08 17:19:00,2024-01-08 18:38:00,79,9.22,11.06,支付宝,12,95
REC000331,U00076,1371,2024-01-03 03:54:00,2024-01-03 04:44:00,50,100,180,微信支付,26,99
REC000332,U00491,2029,2024-01-13 21:29:00,2024-01-13 22:35:00,66,7.7,9.24,信用卡,15,93
REC000333,U00395,158,2024-01-01 16:04:00,2024-01-01 19:00:00,176,1408,3520,支付宝,20,99
REC000334,U00173,1528,2024-01-01 08:59:00,2024-01-01 09:40:00,41,82,147.6,支付宝,26,86
REC000335,U00076,865,2024-01-16 09:11:00,2024-01-16 11:35:00,144,16.8,20.16,支付宝,26,92
REC000336,U00303,2166,2024-01-29 02:58:00,2024-01-29 05:49:00,171,1368,3420,微信支付,23,81
REC000337,U00494,1864,2024-01-28 03:30:00,2024-01-28 06:05:00,155,18.08,21.7,支付宝,27,94
REC000338,U00146,183,2024-01-16 09:17:00,2024-01-16 09:36:00,19,152,380,支付宝,28,100
REC000339,U00243,258,2024-01-20 05:44:00,2024-01-20 07:57:00,133,15.52,18.62,信用卡,28,87
REC000340,U00428,1291,2024-01-28 03:24:00,2024-01-28 04:36:00,72,144,259.2,支付宝,18,89
REC000341,U00419,159,2024-01-11 16:38:00,2024-01-11 19:21:00,163,1304,3260,支付宝,22,88
REC000342,U00272,18,2024-01-11 16:22:00,2024-01-11 16:47:00,25,50,90,微信支付,24,87
REC000343,U00002,1627,2024-01-20 19:41:00,2024-01-20 20:08:00,27,3.15,3.78,微信支付,18,97
REC000344,U00482,2239,2024-01-20 05:12:00,2024-01-20 05:31:00,19,152,380,信用卡,30,89
REC000345,U00255,210,2024-01-27 15:42:00,2024-01-27 16:51:00,69,8.05,9.66,信用卡,27,89
REC000346,U00438,475,2024-01-11 22:30:00,2024-01-12 00:24:00,114,13.3,15.96,信用卡,20,85
REC000347,U00336,2233,2024-01-10 08:44:00,2024-01-10 09:02:00,18,144,360,信用卡,23,82
REC000348,U00332,1347,2024-01-12 10:15:00,2024-01-12 12:32:00,137,15.98,19.18,微信支付,13,84
REC000349,U00087,1058,2024-01-31 04:07:00,2024-01-31 05:36:00,89,178,320.4,信用卡,18,93
REC000350,U00464,663,2024-01-20 15:47:00,2024-01-20 16:54:00,67,134,241.2,信用卡,15,91
REC000351,U00392,400,2024-01-14 09:25:00,2024-01-14 10:59:00,94,188,338.4,信用卡,27,100
REC000352,U00040,281,2024-01-08 07:55:00,2024-01-08 08:41:00,46,5.37,6.44,微信支付,17,82
REC000353,U00495,1107,2024-01-09 09:29:00,2024-01-09 10:13:00,44,352,880,支付宝,20,83
REC000354,U00393,2050,2024-01-25 13:55:00,2024-01-25 16:09:00,134,268,482.4,信用卡,13,95
REC000355,U00403,1140,2024-01-05 00:57:00,2024-01-05 02:43:00,106,12.37,14.84,微信支付,21,85
REC000356,U00413,1589,2024-01-09 20:45:00,2024-01-09 23:19:00,154,1232,3080,支付宝,10,99
REC000357,U00033,354,2024-01-08 15:15:00,2024-01-08 16:07:00,52,6.07,7.28,支付宝,15,96
REC000358,U00100,2191,2024-01-23 00:51:00,2024-01-23 03:47:00,176,352,633.6,支付宝,10,90
REC000359,U00406,1595,2024-01-20 22:17:00,2024-01-20 22:58:00,41,4.78,5.74,信用卡,22,86
REC000360,U00098,687,2024-01-29 12:22:00,2024-01-29 15:20:00,178,20.77,24.92,支付宝,28,82
REC000361,U00428,929,2024-01-31 03:38:00,2024-01-31 05:59:00,141,282,507.6,信用卡,24,92
REC000362,U00329,1320,2024-01-18 00:54:00,2024-01-18 01:59:00,65,520,1300,微信支付,11,94
REC000363,U00002,771,2024-01-27 05:37:00,2024-01-27 07:22:00,105,210,378,微信支付,21,100
REC000364,U00213,1388,2024-01-01 14:07:00,2024-01-01 15:42:00,95,760,1900,支付宝,12,84
REC000365,U00305,394,2024-01-24 22:32:00,2024-01-25 01:10:00,158,18.43,22.12,微信支付,28,84
REC000366,U00254,1940,2024-01-26 10:39:00,2024-01-26 13:15:00,156,18.2,21.84,信用卡,20,83
REC000367,U00403,134,2024-01-30 06:57:00,2024-01-30 08:33:00,96,11.2,13.44,微信支付,19,97
REC000368,U00151,1744,2024-01-03 00:31:00,2024-01-03 01:13:00,42,336,840,微信支付,19,84
REC000369,U00418,1058,2024-01-18 12:36:00,2024-01-18 13:30:00,54,108,194.4,支付宝,20,93
REC000370,U00500,305,2024-01-25 09:57:00,2024-01-25 11:45:00,108,216,388.8,微信支付,25,89
REC000371,U00209,1229,2024-01-02 06:49:00,2024-01-02 07:10:00,21,2.45,2.94,支付宝,20,85
REC000372,U00446,382,2024-01-07 12:06:00,2024-01-07 14:35:00,149,298,536.4,信用卡,29,83
REC000373,U00059,1485,2024-01-05 13:56:00,2024-01-05 15:18:00,82,656,1640,支付宝,20,83
REC000374,U00296,749,2024-01-10 21:53:00,2024-01-11 00:37:00,164,328,590.4,微信支付,17,81
REC000375,U00160,1133,2024-01-26 06:58:00,2024-01-26 09:31:00,153,17.85,21.42,微信支付,27,98
REC000376,U00153,2237,2024-01-26 09:19:00,2024-01-26 10:50:00,91,182,327.6,微信支付,22,81
REC000377,U00471,1278,2024-01-20 08:56:00,2024-01-20 09:34:00,38,76,136.8,信用卡,20,88
REC000378,U00071,214,2024-01-04 09:05:00,2024-01-04 09:44:00,39,312,780,信用卡,10,83
REC000379,U00022,1954,2024-01-22 14:31:00,2024-01-22 16:18:00,107,214,385.2,支付宝,27,83
REC000380,U00082,1083,2024-01-28 03:22:00,2024-01-28 06:00:00,158,316,568.8,微信支付,12,90
REC000381,U00095,690,2024-01-30 18:19:00,2024-01-30 20:59:00,160,1280,3200,信用卡,13,100
REC000382,U00241,69,2024-01-11 04:34:00,2024-01-11 05:21:00,47,376,940,微信支付,26,87
REC000383,U00003,1671,2024-01-25 01:13:00,2024-01-25 02:37:00,84,672,1680,信用卡,16,95
REC000384,U00122,2243,2024-01-03 22:50:00,2024-01-04 00:55:00,125,250,450,微信支付,29,92
REC000385,U00423,789,2024-01-25 06:28:00,2024-01-25 07:57:00,89,712,1780,支付宝,14,92
REC000386,U00467,1686,2024-01-27 13:41:00,2024-01-27 15:09:00,88,10.27,12.32,支付宝,17,99
REC000387,U00362,511,2024-01-20 08:59:00,2024-01-20 10:19:00,80,640,1600,信用卡,29,95
REC000388,U00059,6,2024-01-19 16:57:00,2024-01-19 19:43:00,166,1328,3320,微信支付,18,84
REC000389,U00095,2362,2024-01-30 09:56:00,2024-01-30 12:39:00,163,19.02,22.82,微信支付,17,84
REC000390,U00119,165,2024-01-12 15:03:00,2024-01-12 15:29:00,26,3.03,3.64,信用卡,12,92
REC000391,U00495,545,2024-01-11 04:15:00,2024-01-11 05:40:00,85,680,1700,微信支付,28,80
REC000392,U00368,861,2024-01-06 06:59:00,2024-01-06 07:17:00,18,36,64.8,支付宝,13,90
REC000393,U00229,846,2024-01-07 19:42:00,2024-01-07 20:34:00,52,104,187.2,信用卡,30,83
REC000394,U00167,1511,2024-01-19 23:03:00,2024-01-20 00:54:00,111,888,2220,信用卡,26,88
REC000395,U00340,1817,2024-01-10 10:08:00,2024-01-10 13:05:00,177,354,637.2,微信支付,16,92
REC000396,U00097,1447,2024-01-12 07:10:00,2024-01-12 09:30:00,140,16.33,19.6,支付宝,18,93
REC000397,U00130,201,2024-01-01 09:20:00,2024-01-01 11:25:00,125,14.58,17.5,支付宝,15,81
REC000398,U00384,245,2024-01-22 03:04:00,2024-01-22 05:33:00,149,17.38,20.86,支付宝,16,93
REC000399,U00452,453,2024-01-14 07:42:00,2024-01-14 08:33:00,51,5.95,7.14,支付宝,18,85
REC000400,U00394,1746,2024-01-01 21:02:00,2024-01-01 23:18:00,136,272,489.6,信用卡,12,98
REC000401,U00179,1862,2024-01-15 01:10:00,2024-01-15 04:09:00,179,1432,3580,微信支付,24,86
REC000402,U00430,1129,2024-01-22 22:49:00,2024-01-23 00:43:00,114,912,2280,支付宝,15,95
REC000403,U00225,904,2024-01-07 07:48:00,2024-01-07 08:07:00,19,152,380,微信支付,30,95
REC000404,U00113,1576,2024-01-26 08:39:00,2024-01-26 11:04:00,145,290,522,信用卡,14,83
REC000405,U00370,1097,2024-01-18 03:02:00,2024-01-18 05:30:00,148,17.27,20.72,支付宝,13,88
REC000406,U00410,2116,2024-01-15 08:50:00,2024-01-15 10:48:00,118,13.77,16.52,微信支付,12,98
REC000407,U00124,439,2024-01-14 02:54:00,2024-01-14 04:13:00,79,158,284.4,微信支付,27,99
REC000408,U00410,2353,2024-01-25 08:48:00,2024-01-25 09:49:00,61,122,219.6,信用卡,25,96
REC000409,U00077,14,2024-01-02 03:22:00,2024-01-02 05:00:00,98,11.43,13.72,信用卡,27,93
REC000410,U00175,2327,2024-01-01 07:35:00,2024-01-01 09:53:00,138,16.1,19.32,微信支付,15,83
REC000411,U00370,1255,2024-01-20 14:02:00,2024-01-20 15:21:00,79,632,1580,信用卡,18,98
REC000412,U00322,818,2024-01-19 13:02:00,2024-01-19 15:51:00,169,1352,3380,信用卡,28,91
REC000413,U00195,394,2024-01-22 17:23:00,2024-01-22 20:17:00,174,20.3,24.36,微信支付,17,90
REC000414,U00440,188,2024-01-16 13:09:00,2024-01-16 14:55:00,106,212,381.6,支付宝,17,97
REC000415,U00253,1366,2024-01-11 14:34:00,2024-01-11 16:39:00,125,1000,2500,信用卡,10,82
REC000416,U00290,423,2024-01-07 11:38:00,2024-01-07 12:52:00,74,148,266.4,支付宝,11,86
REC000417,U00212,1914,2024-01-25 14:20:00,2024-01-25 14:53:00,33,3.85,4.62,微信支付,27,94
REC000418,U00114,556,2024-01-11 00:19:00,2024-01-11 01:29:00,70,140,252,支付宝,13,81
REC000419,U00006,1051,2024-01-27 23:42:00,2024-01-28 01:41:00,119,952,2380,微信支付,18,100
REC000420,U00458,1843,2024-01-10 18:22:00,2024-01-10 19:00:00,38,304,760,支付宝,17,99
REC000421,U00048,487,2024-01-12 15:24:00,2024-01-12 18:12:00,168,1344,3360,信用卡,30,87
REC000422,U00244,181,2024-01-13 20:38:00,2024-01-13 23:11:00,153,1224,3060,微信支付,10,95
REC000423,U00408,887,2024-01-19 23:48:00,2024-01-20 01:27:00,99,198,356.4,微信支付,12,96
REC000424,U00118,2388,2024-01-27 10:47:00,2024-01-27 12:13:00,86,172,309.6,微信支付,23,91
REC000425,U00386,1462,2024-01-21 20:05:00,2024-01-21 22:42:00,157,314,565.2,信用卡,15,80
REC000426,U00322,400,2024-01-27 06:27:00,2024-01-27 06:47:00,20,40,72,信用卡,18,86
REC000427,U00422,705,2024-01-08 09:26:00,2024-01-08 10:40:00,74,8.63,10.36,信用卡,11,85
REC000428,U00424,803,2024-01-10 18:21:00,2024-01-10 19:26:00,65,520,1300,微信支付,19,94
REC000429,U00339,251,2024-01-21 16:56:00,2024-01-21 18:08:00,72,144,259.2,信用卡,14,81
REC000430,U00372,483,2024-01-10 13:00:00,2024-01-10 14:48:00,108,12.6,15.12,信用卡,19,93
REC000431,U00353,631,2024-01-04 03:06:00,2024-01-04 04:01:00,55,110,198,支付宝,22,80
REC000432,U00192,702,2024-01-02 20:22:00,2024-01-02 22:53:00,151,302,543.6,微信支付,23,83
REC000433,U00392,348,2024-01-08 10:04:00,2024-01-08 11:13:00,69,552,1380,微信支付,14,93
REC000434,U00223,445,2024-01-11 16:24:00,2024-01-11 17:21:00,57,456,1140,支付宝,26,97
REC000435,U00487,2175,2024-01-28 04:16:00,2024-01-28 07:00:00,164,1312,3280,支付宝,24,85
REC000436,U00339,2183,2024-01-27 01:38:00,2024-01-27 02:48:00,70,140,252,支付宝,23,85
REC000437,U00143,1824,2024-01-15 14:51:00,2024-01-15 16:12:00,81,162,291.6,信用卡,16,80
REC000438,U00208,804,2024-01-14 16:48:00,2024-01-14 18:39:00,111,222,399.6,信用卡,24,82
REC000439,U00060,2382,2024-01-07 00:28:00,2024-01-07 00:56:00,28,3.27,3.92,微信支付,27,83
REC000440,U00246,2295,2024-01-19 05:00:00,2024-01-19 07:43:00,163,326,586.8,信用卡,14,81
REC000441,U00093,2122,2024-01-25 18:45:00,2024-01-25 19:59:00,74,148,266.4,微信支付,17,81
REC000442,U00440,2083,2024-01-28 20:53:00,2024-01-28 23:27:00,154,308,554.4,微信支付,17,97
REC000443,U00043,2263,2024-01-16 16:24:00,2024-01-16 18:53:00,149,17.38,20.86,信用卡,12,88
REC000444,U00171,1070,2024-01-26 05:33:00,2024-01-26 06:22:00,49,98,176.4,微信支付,11,93
REC000445,U00436,2010,2024-01-10 14:14:00,2024-01-10 15:04:00,50,5.83,7,微信支付,30,82
REC000446,U00076,2122,2024-01-29 16:29:00,2024-01-29 18:37:00,128,256,460.8,微信支付,23,100
REC000447,U00042,2240,2024-01-15 21:32:00,2024-01-15 23:44:00,132,15.4,18.48,微信支付,18,90
REC000448,U00017,123,2024-01-01 18:35:00,2024-01-01 18:56:00,21,42,75.6,信用卡,10,80
REC000449,U00166,343,2024-01-08 18:08:00,2024-01-08 21:06:00,178,356,640.8,信用卡,12,82
REC000450,U00247,780,2024-01-05 17:19:00,2024-01-05 19:26:00,127,254,457.2,信用卡,30,91
REC000451,U00404,235,2024-01-29 23:03:00,2024-01-30 01:52:00,169,338,608.4,微信支付,14,91
REC000452,U00195,1282,2024-01-06 11:46:00,2024-01-06 14:10:00,144,1152,2880,信用卡,19,89
REC000453,U00082,1069,2024-01-05 02:53:00,2024-01-05 05:27:00,154,1232,3080,微信支付,29,98
REC000454,U00245,2212,2024-01-14 07:40:00,2024-01-14 10:00:00,140,1120,2800,信用卡,12,84
REC000455,U00423,720,2024-01-14 09:38:00,2024-01-14 12:01:00,143,16.68,20.02,信用卡,11,90
REC000456,U00241,1555,2024-01-03 02:06:00,2024-01-03 04:30:00,144,16.8,20.16,支付宝,24,80
REC000457,U00307,181,2024-01-03 11:21:00,2024-01-03 11:36:00,15,120,300,信用卡,18,87
REC000458,U00177,1548,2024-01-30 05:24:00,2024-01-30 07:06:00,102,204,367.2,微信支付,21,96
REC000459,U00272,1127,2024-01-08 01:47:00,2024-01-08 03:45:00,118,236,424.8,支付宝,28,83
REC000460,U00212,966,2024-01-08 01:02:00,2024-01-08 02:25:00,83,664,1660,信用卡,17,90
REC000461,U00339,1514,2024-01-03 11:31:00,2024-01-03 13:19:00,108,864,2160,支付宝,15,98
REC000462,U00374,1538,2024-01-03 03:44:00,2024-01-03 06:20:00,156,312,561.6,信用卡,11,100
REC000463,U00028,1925,2024-01-19 18:15:00,2024-01-19 19:23:00,68,544,1360,微信支付,23,99
REC000464,U00236,2287,2024-01-29 09:07:00,2024-01-29 10:52:00,105,840,2100,微信支付,29,100
REC000465,U00095,2154,2024-01-06 23:22:00,2024-01-06 23:53:00,31,248,620,微信支付,18,81
REC000466,U00444,502,2024-01-19 01:48:00,2024-01-19 03:07:00,79,632,1580,信用卡,13,97
REC000467,U00379,2168,2024-01-01 11:25:00,2024-01-01 12:46:00,81,9.45,11.34,信用卡,18,100
REC000468,U00281,727,2024-01-22 19:20:00,2024-01-22 21:42:00,142,1136,2840,微信支付,26,86
REC000469,U00368,1549,2024-01-09 19:00:00,2024-01-09 21:30:00,150,17.5,21,信用卡,12,92
REC000470,U00125,1097,2024-01-08 07:08:00,2024-01-08 07:39:00,31,3.62,4.34,微信支付,22,99
REC000471,U00372,1209,2024-01-09 00:38:00,2024-01-09 03:06:00,148,296,532.8,信用卡,30,89
REC000472,U00153,1670,2024-01-08 11:13:00,2024-01-08 11:33:00,20,160,400,微信支付,23,84
REC000473,U00370,1509,2024-01-25 07:04:00,2024-01-25 09:09:00,125,250,450,微信支付,13,89
REC000474,U00043,1032,2024-01-22 06:35:00,2024-01-22 07:00:00,25,200,500,支付宝,19,100
REC000475,U00081,1597,2024-01-17 09:24:00,2024-01-17 11:14:00,110,880,2200,支付宝,11,85
REC000476,U00404,1652,2024-01-11 16:12:00,2024-01-11 18:01:00,109,872,2180,支付宝,27,85
REC000477,U00099,1204,2024-01-02 07:24:00,2024-01-02 08:00:00,36,4.2,5.04,支付宝,22,89
REC000478,U00406,1685,2024-01-13 23:36:00,2024-01-14 01:05:00,89,178,320.4,信用卡,28,96
REC000479,U00470,2070,2024-01-02 06:34:00,2024-01-02 07:46:00,72,576,1440,信用卡,13,91
REC000480,U00285,989,2024-01-24 01:11:00,2024-01-24 03:38:00,147,294,529.2,微信支付,18,90
REC000481,U00239,550,2024-01-29 00:23:00,2024-01-29 00:53:00,30,3.5,4.2,信用卡,20,81
REC000482,U00352,1187,2024-01-30 08:02:00,2024-01-30 08:31:00,29,58,104.4,支付宝,17,86
REC000483,U00107,886,2024-01-17 09:49:00,2024-01-17 10:53:00,64,512,1280,信用卡,18,98
REC000484,U00453,1291,2024-01-06 19:27:00,2024-01-06 21:23:00,116,232,417.6,信用卡,17,84
REC000485,U00047,419,2024-01-05 13:18:00,2024-01-05 16:06:00,168,1344,3360,支付宝,26,94
REC000486,U00279,507,2024-01-03 10:47:00,2024-01-03 13:37:00,170,340,612,微信支付,17,98
REC000487,U00324,375,2024-01-10 06:15:00,2024-01-10 08:36:00,141,282,507.6,微信支付,14,92
REC000488,U00116,1324,2024-01-03 00:49:00,2024-01-03 02:48:00,119,13.88,16.66,微信支付,12,82
REC000489,U00255,2069,2024-01-16 03:39:00,2024-01-16 05:33:00,114,13.3,15.96,微信支付,24,96
REC000490,U00399,1668,2024-01-26 09:31:00,2024-01-26 12:00:00,149,17.38,20.86,微信支付,10,85
REC000491,U00421,855,2024-01-02 11:01:00,2024-01-02 11:23:00,22,2.57,3.08,信用卡,13,90
REC000492,U00058,1700,2024-01-26 06:27:00,2024-01-26 07:14:00,47,94,169.2,信用卡,26,80
REC000493,U00353,1002,2024-01-18 10:06:00,2024-01-18 11:46:00,100,800,2000,支付宝,30,95
REC000494,U00374,1081,2024-01-14 03:49:00,2024-01-14 06:36:00,167,1336,3340,微信支付,23,80
REC000495,U00201,876,2024-01-17 23:51:00,2024-01-18 02:42:00,171,342,615.6,支付宝,14,81
REC000496,U00160,313,2024-01-28 17:23:00,2024-01-28 17:56:00,33,66,118.8,微信支付,26,100
REC000497,U00147,2356,2024-01-06 04:53:00,2024-01-06 07:26:00,153,17.85,21.42,支付宝,17,87
REC000498,U00272,1627,2024-01-22 23:23:00,2024-01-23 01:05:00,102,11.9,14.28,微信支付,28,84
REC000499,U00100,1669,2024-01-09 00:20:00,2024-01-09 01:15:00,55,440,1100,微信支付,29,99
REC000500,U00076,2072,2024-01-04 14:16:00,2024-01-04 15:32:00,76,152,273.6,支付宝,18,90
REC000501,U00215,1384,2024-01-04 17:49:00,2024-01-04 18:27:00,38,4.43,5.32,支付宝,11,89
REC000502,U00267,533,2024-01-25 15:34:00,2024-01-25 17:33:00,119,13.88,16.66,信用卡,11,91
REC000503,U00399,88,2024-01-16 14:37:00,2024-01-16 15:52:00,75,600,1500,支付宝,22,93
REC000504,U00495,1784,2024-01-03 08:38:00,2024-01-03 11:05:00,147,1176,2940,信用卡,13,83
REC000505,U00219,528,2024-01-02 01:37:00,2024-01-02 02:02:00,25,50,90,微信支付,11,96
REC000506,U00185,833,2024-01-19 00:37:00,2024-01-19 02:33:00,116,928,2320,信用卡,12,80
REC000507,U00079,1583,2024-01-21 23:40:00,2024-01-22 00:13:00,33,3.85,4.62,支付宝,16,83
REC000508,U00394,719,2024-01-11 04:46:00,2024-01-11 06:06:00,80,160,288,支付宝,21,81
REC000509,U00261,1761,2024-01-26 07:03:00,2024-01-26 08:04:00,61,122,219.6,支付宝,28,83
REC000510,U00321,1989,2024-01-23 08:02:00,2024-01-23 10:05:00,123,14.35,17.22,信用卡,30,84
REC000511,U00269,864,2024-01-13 06:07:00,2024-01-13 07:36:00,89,712,1780,信用卡,11,83
REC000512,U00156,992,2024-01-26 11:41:00,2024-01-26 11:57:00,16,32,57.6,信用卡,24,86
REC000513,U00153,1404,2024-01-12 01:19:00,2024-01-12 03:36:00,137,15.98,19.18,信用卡,27,96
REC000514,U00209,560,2024-01-03 08:22:00,2024-01-03 09:31:00,69,552,1380,微信支付,30,91
REC000515,U00028,509,2024-01-05 21:55:00,2024-01-05 23:44:00,109,12.72,15.26,支付宝,10,99
REC000516,U00260,195,2024-01-18 00:13:00,2024-01-18 02:52:00,159,1272,3180,信用卡,12,89
REC000517,U00294,1171,2024-01-09 12:33:00,2024-01-09 12:52:00,19,152,380,信用卡,24,88
REC000518,U00414,2388,2024-01-08 18:52:00,2024-01-08 20:50:00,118,236,424.8,信用卡,28,99
REC000519,U00393,1724,2024-01-29 16:06:00,2024-01-29 18:47:00,161,18.78,22.54,支付宝,19,97
REC000520,U00046,1869,2024-01-25 00:23:00,2024-01-25 01:53:00,90,720,1800,微信支付,27,91
REC000521,U00197,2373,2024-01-30 05:31:00,2024-01-30 08:11:00,160,320,576,微信支付,14,90
REC000522,U00053,2316,2024-01-14 15:34:00,2024-01-14 15:54:00,20,160,400,信用卡,19,98
REC000523,U00489,797,2024-01-09 05:16:00,2024-01-09 06:19:00,63,504,1260,微信支付,15,87
REC000524,U00400,1206,2024-01-07 16:19:00,2024-01-07 18:24:00,125,250,450,支付宝,28,97
REC000525,U00209,225,2024-01-29 13:37:00,2024-01-29 13:57:00,20,40,72,信用卡,25,84
REC000526,U00328,1631,2024-01-06 14:34:00,2024-01-06 16:46:00,132,1056,2640,支付宝,10,100
REC000527,U00090,1811,2024-01-11 01:49:00,2024-01-11 03:23:00,94,752,1880,信用卡,17,96
REC000528,U00167,903,2024-01-28 15:58:00,2024-01-28 17:45:00,107,12.48,14.98,信用卡,17,96
REC000529,U00337,568,2024-01-26 18:55:00,2024-01-26 19:14:00,19,152,380,支付宝,10,91
REC000530,U00455,1670,2024-01-06 14:40:00,2024-01-06 15:31:00,51,408,1020,信用卡,28,99
REC000531,U00175,1779,2024-01-02 14:42:00,2024-01-02 17:17:00,155,1240,3100,微信支付,22,98
REC000532,U00279,1470,2024-01-07 22:08:00,2024-01-08 00:14:00,126,1008,2520,信用卡,18,82
REC000533,U00196,2256,2024-01-27 07:46:00,2024-01-27 09:37:00,111,222,399.6,支付宝,23,100
REC000534,U00473,299,2024-01-11 02:37:00,2024-01-11 02:55:00,18,144,360,信用卡,25,93
REC000535,U00345,403,2024-01-07 21:09:00,2024-01-07 22:12:00,63,7.35,8.82,信用卡,20,98
REC000536,U00473,1380,2024-01-06 17:16:00,2024-01-06 18:35:00,79,632,1580,微信支付,18,92
REC000537,U00077,2218,2024-01-12 04:48:00,2024-01-12 07:33:00,165,1320,3300,支付宝,26,88
REC000538,U00438,167,2024-01-02 14:10:00,2024-01-02 15:07:00,57,6.65,7.98,支付宝,17,80
REC000539,U00342,27,2024-01-24 15:18:00,2024-01-24 17:24:00,126,1008,2520,信用卡,22,92
REC000540,U00029,257,2024-01-06 13:33:00,2024-01-06 15:27:00,114,912,2280,信用卡,16,82
REC000541,U00343,333,2024-01-10 01:10:00,2024-01-10 04:01:00,171,19.95,23.94,支付宝,10,81
REC000542,U00193,272,2024-01-25 06:30:00,2024-01-25 06:59:00,29,232,580,信用卡,30,88
REC000543,U00151,329,2024-01-29 21:58:00,2024-01-30 00:48:00,170,340,612,微信支付,20,81
REC000544,U00209,1857,2024-01-09 07:32:00,2024-01-09 10:28:00,176,352,633.6,信用卡,16,98
REC000545,U00329,1816,2024-01-19 23:04:00,2024-01-20 01:59:00,175,350,630,微信支付,11,91
REC000546,U00327,904,2024-01-13 23:36:00,2024-01-14 01:00:00,84,672,1680,微信支付,25,94
REC000547,U00307,1814,2024-01-14 01:28:00,2024-01-14 03:23:00,115,13.42,16.1,微信支付,11,94
REC000548,U00372,573,2024-01-19 14:25:00,2024-01-19 16:25:00,120,960,2400,信用卡,14,99
REC000549,U00177,562,2024-01-02 03:15:00,2024-01-02 05:52:00,157,1256,3140,微信支付,25,100
REC000550,U00473,1943,2024-01-18 17:56:00,2024-01-18 18:23:00,27,54,97.2,微信支付,28,99
REC000551,U00394,274,2024-01-13 05:51:00,2024-01-13 06:11:00,20,40,72,支付宝,26,97
REC000552,U00035,1077,2024-01-10 03:17:00,2024-01-10 04:22:00,65,520,1300,微信支付,24,87
REC000553,U00480,366,2024-01-07 06:54:00,2024-01-07 08:29:00,95,11.08,13.3,支付宝,15,86
REC000554,U00469,1413,2024-01-19 12:20:00,2024-01-19 13:02:00,42,4.9,5.88,支付宝,27,82
REC000555,U00006,1902,2024-01-10 13:49:00,2024-01-10 14:46:00,57,456,1140,信用卡,13,82
REC000556,U00001,670,2024-01-18 12:52:00,2024-01-18 13:35:00,43,86,154.8,微信支付,23,87
REC000557,U00343,2103,2024-01-15 17:04:00,2024-01-15 17:52:00,48,384,960,支付宝,25,97
REC000558,U00500,2349,2024-01-16 22:47:00,2024-01-17 00:38:00,111,888,2220,微信支付,16,86
REC000559,U00039,1833,2024-01-26 01:29:00,2024-01-26 02:59:00,90,180,324,支付宝,18,98
REC000560,U00372,202,2024-01-08 22:15:00,2024-01-09 00:58:00,163,19.02,22.82,支付宝,11,84
REC000561,U00151,1621,2024-01-24 11:20:00,2024-01-24 11:46:00,26,3.03,3.64,微信支付,23,88
REC000562,U00028,1167,2024-01-12 00:19:00,2024-01-12 02:29:00,130,260,468,微信支付,18,83
REC000563,U00241,1632,2024-01-25 13:28:00,2024-01-25 14:10:00,42,4.9,5.88,微信支付,24,95
REC000564,U00088,2103,2024-01-09 17:52:00,2024-01-09 18:26:00,34,272,680,微信支付,15,100
REC000565,U00450,378,2024-01-23 14:55:00,2024-01-23 17:40:00,165,1320,3300,信用卡,15,83
REC000566,U00134,793,2024-01-24 21:21:00,2024-01-24 23:23:00,122,14.23,17.08,微信支付,28,97
REC000567,U00377,1394,2024-01-23 14:38:00,2024-01-23 17:28:00,170,19.83,23.8,支付宝,17,93
REC000568,U00448,949,2024-01-25 19:07:00,2024-01-25 20:24:00,77,154,277.2,微信支付,26,85
REC000569,U00349,2227,2024-01-15 17:49:00,2024-01-15 19:48:00,119,952,2380,微信支付,20,87
REC000570,U00385,2345,2024-01-21 17:07:00,2024-01-21 17:27:00,20,160,400,支付宝,28,97
REC000571,U00207,1756,2024-01-06 15:58:00,2024-01-06 18:09:00,131,262,471.6,支付宝,11,92
REC000572,U00121,2034,2024-01-19 16:27:00,2024-01-19 18:54:00,147,1176,2940,微信支付,10,91
REC000573,U00193,10,2024-01-25 20:30:00,2024-01-25 21:21:00,51,408,1020,微信支付,15,85
REC000574,U00323,918,2024-01-17 03:31:00,2024-01-17 05:09:00,98,11.43,13.72,信用卡,15,82
REC000575,U00348,1612,2024-01-17 21:48:00,2024-01-17 22:06:00,18,2.1,2.52,支付宝,27,94
REC000576,U00352,430,2024-01-13 07:21:00,2024-01-13 09:19:00,118,944,2360,信用卡,14,82
REC000577,U00334,2142,2024-01-09 04:17:00,2024-01-09 04:50:00,33,3.85,4.62,信用卡,14,90
REC000578,U00204,2326,2024-01-22 00:51:00,2024-01-22 03:38:00,167,19.48,23.38,微信支付,27,98
REC000579,U00396,2189,2024-01-13 11:17:00,2024-01-13 12:32:00,75,600,1500,支付宝,29,99
REC000580,U00148,2220,2024-01-26 03:10:00,2024-01-26 03:29:00,19,152,380,微信支付,14,81
REC000581,U00409,1356,2024-01-02 19:02:00,2024-01-02 21:51:00,169,1352,3380,信用卡,17,97
REC000582,U00500,1775,2024-01-28 11:25:00,2024-01-28 12:44:00,79,158,284.4,信用卡,19,100
REC000583,U00153,533,2024-01-28 19:28:00,2024-01-28 21:09:00,101,11.78,14.14,信用卡,29,96
REC000584,U00323,2268,2024-01-04 06:06:00,2024-01-04 09:06:00,180,360,648,微信支付,19,91
REC000585,U00321,1851,2024-01-26 02:02:00,2024-01-26 04:26:00,144,288,518.4,支付宝,11,100
REC000586,U00047,1808,2024-01-17 11:52:00,2024-01-17 12:52:00,60,120,216,微信支付,27,92
REC000587,U00200,1834,2024-01-22 23:40:00,2024-01-23 00:45:00,65,520,1300,信用卡,15,80
REC000588,U00141,1852,2024-01-18 13:33:00,2024-01-18 14:07:00,34,3.97,4.76,信用卡,12,100
REC000589,U00254,1890,2024-01-29 00:45:00,2024-01-29 03:16:00,151,302,543.6,支付宝,22,97
REC000590,U00439,615,2024-01-29 15:10:00,2024-01-29 17:52:00,162,18.9,22.68,支付宝,26,95
REC000591,U00429,631,2024-01-07 03:26:00,2024-01-07 05:02:00,96,192,345.6,信用卡,28,86
REC000592,U00384,2024,2024-01-02 23:42:00,2024-01-03 02:41:00,179,1432,3580,信用卡,20,96
REC000593,U00205,3,2024-01-30 12:55:00,2024-01-30 13:57:00,62,7.23,8.68,信用卡,30,87
REC000594,U00027,1511,2024-01-13 12:10:00,2024-01-13 12:32:00,22,176,440,信用卡,21,92
REC000595,U00373,1561,2024-01-29 10:42:00,2024-01-29 12:21:00,99,11.55,13.86,信用卡,24,98
REC000596,U00016,157,2024-01-06 22:20:00,2024-01-06 23:17:00,57,6.65,7.98,支付宝,27,85
REC000597,U00437,1404,2024-01-18 07:05:00,2024-01-18 08:28:00,83,9.68,11.62,支付宝,15,96
REC000598,U00236,1611,2024-01-28 06:21:00,2024-01-28 08:16:00,115,230,414,微信支付,14,91
REC000599,U00096,1205,2024-01-30 07:11:00,2024-01-30 08:29:00,78,9.1,10.92,信用卡,14,97
REC000600,U00434,2360,2024-01-13 12:05:00,2024-01-13 14:00:00,115,13.42,16.1,微信支付,16,97
REC000601,U00479,2346,2024-01-05 22:36:00,2024-01-06 00:18:00,102,204,367.2,支付宝,15,88
REC000602,U00351,327,2024-01-16 04:07:00,2024-01-16 05:09:00,62,124,223.2,信用卡,20,95
REC000603,U00468,729,2024-01-16 21:01:00,2024-01-16 22:55:00,114,228,410.4,微信支付,28,85
REC000604,U00485,1654,2024-01-28 01:28:00,2024-01-28 02:39:00,71,8.28,9.94,信用卡,17,90
REC000605,U00312,2170,2024-01-18 02:11:00,2024-01-18 02:52:00,41,82,147.6,微信支付,26,83
REC000606,U00364,2294,2024-01-19 01:18:00,2024-01-19 03:07:00,109,218,392.4,支付宝,10,100
REC000607,U00266,2006,2024-01-13 05:06:00,2024-01-13 06:59:00,113,904,2260,信用卡,20,80
REC000608,U00388,1313,2024-01-23 10:46:00,2024-01-23 12:14:00,88,10.27,12.32,支付宝,17,80
REC000609,U00157,796,2024-01-29 20:04:00,2024-01-29 22:58:00,174,348,626.4,微信支付,26,98
REC000610,U00475,306,2024-01-06 09:38:00,2024-01-06 11:56:00,138,1104,2760,信用卡,25,85
REC000611,U00102,193,2024-01-24 23:39:00,2024-01-25 01:19:00,100,800,2000,信用卡,17,88
REC000612,U00045,155,2024-01-17 19:49:00,2024-01-17 20:57:00,68,136,244.8,支付宝,19,82
REC000613,U00151,1333,2024-01-21 21:32:00,2024-01-21 22:14:00,42,84,151.2,支付宝,20,86
REC000614,U00111,440,2024-01-09 03:31:00,2024-01-09 05:19:00,108,12.6,15.12,信用卡,16,93
REC000615,U00373,1950,2024-01-25 02:55:00,2024-01-25 03:34:00,39,78,140.4,微信支付,23,94
REC000616,U00024,1300,2024-01-01 23:32:00,2024-01-02 02:25:00,173,1384,3460,支付宝,14,100
REC000617,U00146,447,2024-01-05 05:10:00,2024-01-05 05:34:00,24,48,86.4,支付宝,15,94
REC000618,U00316,1569,2024-01-25 08:02:00,2024-01-25 08:48:00,46,92,165.6,信用卡,28,96
REC000619,U00288,1937,2024-01-03 23:41:00,2024-01-04 02:30:00,169,19.72,23.66,信用卡,14,95
REC000620,U00140,28,2024-01-17 16:17:00,2024-01-17 17:05:00,48,96,172.8,微信支付,26,96
REC000621,U00439,2285,2024-01-17 02:27:00,2024-01-17 04:24:00,117,13.65,16.38,微信支付,14,90
REC000622,U00415,2284,2024-01-20 17:39:00,2024-01-20 19:40:00,121,14.12,16.94,微信支付,20,98
REC000623,U00213,2075,2024-01-21 17:16:00,2024-01-21 19:48:00,152,304,547.2,支付宝,18,89
REC000624,U00071,687,2024-01-23 16:10:00,2024-01-23 17:51:00,101,11.78,14.14,信用卡,20,88
REC000625,U00324,2218,2024-01-16 16:51:00,2024-01-16 19:36:00,165,1320,3300,支付宝,21,90
REC000626,U00092,1180,2024-01-24 02:21:00,2024-01-24 03:08:00,47,376,940,支付宝,29,83
REC000627,U00416,340,2024-01-20 17:36:00,2024-01-20 19:16:00,100,11.67,14,微信支付,14,80
REC000628,U00022,162,2024-01-08 08:19:00,2024-01-08 09:52:00,93,10.85,13.02,支付宝,30,87
REC000629,U00332,2402,2024-01-11 19:30:00,2024-01-11 20:03:00,33,264,660,微信支付,14,100
REC000630,U00410,475,2024-01-16 02:03:00,2024-01-16 03:39:00,96,11.2,13.44,微信支付,16,80
REC000631,U00175,1328,2024-01-23 02:51:00,2024-01-23 03:14:00,23,2.68,3.22,信用卡,16,100
REC000632,U00285,1744,2024-01-09 12:57:00,2024-01-09 13:37:00,40,320,800,支付宝,19,89
REC000633,U00269,2130,2024-01-29 07:49:00,2024-01-29 09:42:00,113,904,2260,支付宝,28,99
REC000634,U00074,2010,2024-01-23 23:40:00,2024-01-24 00:51:00,71,8.28,9.94,支付宝,24,100
REC000635,U00369,1807,2024-01-14 13:40:00,2024-01-14 16:39:00,179,20.88,25.06,支付宝,14,80
REC000636,U00188,532,2024-01-24 16:51:00,2024-01-24 17:48:00,57,6.65,7.98,支付宝,19,86
REC000637,U00270,286,2024-01-11 04:35:00,2024-01-11 05:34:00,59,472,1180,信用卡,27,83
REC000638,U00098,548,2024-01-04 02:43:00,2024-01-04 03:30:00,47,376,940,微信支付,29,84
REC000639,U00321,30,2024-01-15 02:59:00,2024-01-15 05:53:00,174,1392,3480,微信支付,11,92
REC000640,U00454,34,2024-01-05 08:08:00,2024-01-05 10:36:00,148,17.27,20.72,微信支付,23,88
REC000641,U00082,2006,2024-01-10 12:46:00,2024-01-10 15:22:00,156,1248,3120,支付宝,21,80
REC000642,U00085,2182,2024-01-22 17:10:00,2024-01-22 19:08:00,118,236,424.8,信用卡,12,94
REC000643,U00403,725,2024-01-09 11:20:00,2024-01-09 13:04:00,104,12.13,14.56,支付宝,24,90
REC000644,U00383,1067,2024-01-17 18:41:00,2024-01-17 21:19:00,158,1264,3160,信用卡,18,95
REC000645,U00195,556,2024-01-08 07:02:00,2024-01-08 09:43:00,161,322,579.6,微信支付,20,84
REC000646,U00262,370,2024-01-21 21:25:00,2024-01-21 23:17:00,112,224,403.2,信用卡,27,87
REC000647,U00201,419,2024-01-03 15:59:00,2024-01-03 18:34:00,155,1240,3100,微信支付,24,83
REC000648,U00090,1921,2024-01-04 03:09:00,2024-01-04 05:21:00,132,264,475.2,信用卡,16,86
REC000649,U00404,1815,2024-01-11 03:19:00,2024-01-11 05:58:00,159,1272,3180,信用卡,28,85
REC000650,U00167,120,2024-01-09 12:33:00,2024-01-09 13:32:00,59,6.88,8.26,微信支付,28,98
REC000651,U00380,877,2024-01-19 23:56:00,2024-01-20 00:54:00,58,116,208.8,微信支付,23,90
REC000652,U00039,2397,2024-01-30 09:26:00,2024-01-30 10:58:00,92,10.73,12.88,微信支付,27,97
REC000653,U00122,590,2024-01-08 19:55:00,2024-01-08 21:33:00,98,11.43,13.72,信用卡,21,87
REC000654,U00439,2366,2024-01-25 20:00:00,2024-01-25 21:07:00,67,7.82,9.38,支付宝,27,89
REC000655,U00214,1093,2024-01-06 19:25:00,2024-01-06 21:45:00,140,1120,2800,信用卡,30,94
REC000656,U00113,2020,2024-01-08 14:28:00,2024-01-08 16:23:00,115,230,414,支付宝,17,80
REC000657,U00171,2339,2024-01-13 03:07:00,2024-01-13 04:26:00,79,632,1580,信用卡,25,99
REC000658,U00093,478,2024-01-21 14:03:00,2024-01-21 16:52:00,169,19.72,23.66,信用卡,24,80
REC000659,U00293,766,2024-01-09 04:24:00,2024-01-09 06:31:00,127,14.82,17.78,微信支付,15,81
REC000660,U00127,1357,2024-01-28 08:52:00,2024-01-28 11:06:00,134,15.63,18.76,信用卡,25,83
REC000661,U00252,878,2024-01-16 03:02:00,2024-01-16 03:52:00,50,100,180,信用卡,27,96
REC000662,U00067,996,2024-01-08 01:00:00,2024-01-08 01:22:00,22,44,79.2,信用卡,13,84
REC000663,U00204,1493,2024-01-03 17:17:00,2024-01-03 19:52:00,155,1240,3100,微信支付,15,81
REC000664,U00136,183,2024-01-26 11:20:00,2024-01-26 13:40:00,140,1120,2800,信用卡,24,96
REC000665,U00260,2063,2024-01-27 03:24:00,2024-01-27 05:31:00,127,14.82,17.78,支付宝,16,91
REC000666,U00183,2107,2024-01-09 15:41:00,2024-01-09 16:56:00,75,150,270,信用卡,27,92
REC000667,U00409,250,2024-01-03 02:10:00,2024-01-03 03:16:00,66,528,1320,微信支付,18,89
REC000668,U00473,968,2024-01-18 21:38:00,2024-01-19 00:38:00,180,1440,3600,微信支付,28,98
REC000669,U00057,1314,2024-01-22 04:40:00,2024-01-22 05:12:00,32,3.73,4.48,支付宝,15,86
REC000670,U00461,2337,2024-01-05 12:12:00,2024-01-05 12:32:00,20,40,72,微信支付,30,98
REC000671,U00399,686,2024-01-27 23:01:00,2024-01-28 00:45:00,104,832,2080,信用卡,10,82
REC000672,U00102,1241,2024-01-23 00:04:00,2024-01-23 01:29:00,85,170,306,信用卡,26,86
REC000673,U00314,233,2024-01-10 04:26:00,2024-01-10 04:42:00,16,128,320,信用卡,23,95
REC000674,U00108,339,2024-01-28 06:14:00,2024-01-28 08:36:00,142,284,511.2,微信支付,29,83
REC000675,U00204,595,2024-01-03 10:53:00,2024-01-03 13:50:00,177,354,637.2,微信支付,14,83
REC000676,U00081,849,2024-01-06 14:58:00,2024-01-06 17:10:00,132,264,475.2,支付宝,24,84
REC000677,U00059,220,2024-01-28 19:44:00,2024-01-28 20:21:00,37,74,133.2,微信支付,13,92
REC000678,U00054,1650,2024-01-07 03:27:00,2024-01-07 04:28:00,61,488,1220,微信支付,13,99
REC000679,U00229,131,2024-01-07 10:32:00,2024-01-07 12:14:00,102,204,367.2,信用卡,26,94
REC000680,U00102,1019,2024-01-29 14:27:00,2024-01-29 15:36:00,69,138,248.4,微信支付,19,98
REC000681,U00221,789,2024-01-18 13:22:00,2024-01-18 15:03:00,101,808,2020,微信支付,27,80
REC000682,U00234,733,2024-01-30 20:39:00,2024-01-30 22:11:00,92,184,331.2,信用卡,13,84
REC000683,U00091,1156,2024-01-05 19:43:00,2024-01-05 20:21:00,38,304,760,支付宝,10,97
REC000684,U00321,1618,2024-01-25 03:14:00,2024-01-25 04:04:00,50,400,1000,支付宝,10,98
REC000685,U00069,1338,2024-01-08 01:58:00,2024-01-08 04:45:00,167,334,601.2,支付宝,22,84
REC000686,U00431,71,2024-01-28 03:58:00,2024-01-28 05:02:00,64,7.47,8.96,信用卡,21,91
REC000687,U00430,1559,2024-01-04 06:06:00,2024-01-04 06:21:00,15,30,54,微信支付,28,99
REC000688,U00066,1415,2024-01-27 19:17:00,2024-01-27 21:39:00,142,284,511.2,微信支付,13,87
REC000689,U00061,1859,2024-01-07 16:58:00,2024-01-07 18:23:00,85,680,1700,微信支付,23,91
REC000690,U00168,2252,2024-01-25 19:25:00,2024-01-25 21:13:00,108,864,2160,支付宝,19,84
REC000691,U00434,869,2024-01-02 11:32:00,2024-01-02 12:53:00,81,9.45,11.34,微信支付,14,80
REC000692,U00247,577,2024-01-03 16:46:00,2024-01-03 18:49:00,123,246,442.8,微信支付,21,99
REC000693,U00246,664,2024-01-11 18:06:00,2024-01-11 20:43:00,157,1256,3140,支付宝,18,81
REC000694,U00307,682,2024-01-29 10:34:00,2024-01-29 11:04:00,30,3.5,4.2,支付宝,12,93
REC000695,U00442,1746,2024-01-28 03:19:00,2024-01-28 03:39:00,20,40,72,支付宝,17,84
REC000696,U00441,519,2024-01-14 01:21:00,2024-01-14 03:51:00,150,300,540,信用卡,13,90
REC000697,U00134,1309,2024-01-08 11:13:00,2024-01-08 14:09:00,176,1408,3520,信用卡,10,87
REC000698,U00017,1170,2024-01-12 14:44:00,2024-01-12 15:14:00,30,240,600,微信支付,10,99
REC000699,U00465,1488,2024-01-19 16:57:00,2024-01-19 19:19:00,142,16.57,19.88,信用卡,30,94
REC000700,U00217,1510,2024-01-15 06:42:00,2024-01-15 09:36:00,174,348,626.4,微信支付,21,94
REC000701,U00191,1426,2024-01-14 05:20:00,2024-01-14 07:23:00,123,984,2460,微信支付,17,88
REC000702,U00431,1965,2024-01-06 02:14:00,2024-01-06 03:04:00,50,5.83,7,支付宝,24,93
REC000703,U00057,12,2024-01-03 06:11:00,2024-01-03 08:48:00,157,18.32,21.98,微信支付,13,96
REC000704,U00020,503,2024-01-10 16:20:00,2024-01-10 16:41:00,21,2.45,2.94,信用卡,23,97
REC000705,U00052,942,2024-01-21 16:47:00,2024-01-21 18:44:00,117,936,2340,支付宝,12,95
REC000706,U00217,664,2024-01-24 17:54:00,2024-01-24 18:19:00,25,200,500,信用卡,10,96
REC000707,U00416,400,2024-01-17 22:02:00,2024-01-18 00:11:00,129,258,464.4,微信支付,14,98
REC000708,U00445,125,2024-01-06 04:09:00,2024-01-06 05:51:00,102,816,2040,信用卡,11,94
REC000709,U00101,346,2024-01-24 09:16:00,2024-01-24 09:41:00,25,2.92,3.5,支付宝,24,83
REC000710,U00028,1010,2024-01-22 06:34:00,2024-01-22 07:47:00,73,8.52,10.22,支付宝,12,81
REC000711,U00185,1179,2024-01-25 09:39:00,2024-01-25 11:04:00,85,170,306,支付宝,19,86
REC000712,U00090,1641,2024-01-06 10:44:00,2024-01-06 11:49:00,65,130,234,微信支付,10,98
REC000713,U00094,1783,2024-01-17 03:07:00,2024-01-17 05:38:00,151,17.62,21.14,信用卡,21,94
REC000714,U00361,1745,2024-01-20 19:06:00,2024-01-20 21:53:00,167,334,601.2,支付宝,25,80
REC000715,U00062,838,2024-01-26 19:02:00,2024-01-26 19:18:00,16,128,320,支付宝,16,86
REC000716,U00081,1649,2024-01-21 06:01:00,2024-01-21 07:21:00,80,640,1600,支付宝,22,93
REC000717,U00041,610,2024-01-17 07:49:00,2024-01-17 10:33:00,164,328,590.4,微信支付,26,87
REC000718,U00359,567,2024-01-22 20:49:00,2024-01-22 21:08:00,19,2.22,2.66,微信支付,11,88
REC000719,U00213,1651,2024-01-20 14:49:00,2024-01-20 15:29:00,40,320,800,支付宝,20,100
REC000720,U00387,103,2024-01-04 08:04:00,2024-01-04 08:48:00,44,88,158.4,微信支付,24,98
REC000721,U00342,1990,2024-01-22 12:28:00,2024-01-22 13:14:00,46,5.37,6.44,支付宝,11,80
REC000722,U00300,1076,2024-01-11 23:43:00,2024-01-12 02:17:00,154,308,554.4,信用卡,12,98
REC000723,U00294,1105,2024-01-01 09:18:00,2024-01-01 10:53:00,95,760,1900,微信支付,12,90
REC000724,U00022,706,2024-01-12 21:05:00,2024-01-12 23:56:00,171,1368,3420,信用卡,26,81
REC000725,U00332,1220,2024-01-28 11:06:00,2024-01-28 13:28:00,142,284,511.2,支付宝,29,96
REC000726,U00328,2019,2024-01-11 10:19:00,2024-01-11 13:19:00,180,360,648,微信支付,16,94
REC000727,U00351,1799,2024-01-06 17:22:00,2024-01-06 19:23:00,121,14.12,16.94,支付宝,29,97
REC000728,U00053,1199,2024-01-19 22:47:00,2024-01-20 00:39:00,112,224,403.2,微信支付,14,86
REC000729,U00147,1987,2024-01-03 11:38:00,2024-01-03 13:57:00,139,278,500.4,支付宝,28,88
REC000730,U00120,1017,2024-01-09 04:16:00,2024-01-09 05:53:00,97,194,349.2,支付宝,15,86
REC000731,U00343,2112,2024-01-28 03:30:00,2024-01-28 06:17:00,167,1336,3340,支付宝,28,98
REC000732,U00313,467,2024-01-21 13:13:00,2024-01-21 13:31:00,18,2.1,2.52,微信支付,18,85
REC000733,U00435,1765,2024-01-07 14:26:00,2024-01-07 14:47:00,21,2.45,2.94,微信支付,24,81
REC000734,U00236,2112,2024-01-25 20:25:00,2024-01-25 21:23:00,58,464,1160,微信支付,12,93
REC000735,U00431,225,2024-01-08 10:58:00,2024-01-08 11:20:00,22,44,79.2,信用卡,30,88
REC000736,U00436,390,2024-01-26 02:06:00,2024-01-26 02:42:00,36,72,129.6,微信支付,21,99
REC000737,U00263,2342,2024-01-28 08:24:00,2024-01-28 10:48:00,144,288,518.4,信用卡,24,84
REC000738,U00043,459,2024-01-21 11:27:00,2024-01-21 11:47:00,20,40,72,信用卡,27,96
REC000739,U00476,1187,2024-01-24 09:06:00,2024-01-24 09:28:00,22,44,79.2,微信支付,27,92
REC000740,U00156,1066,2024-01-25 14:28:00,2024-01-25 15:18:00,50,5.83,7,微信支付,13,94
REC000741,U00268,1459,2024-01-24 14:29:00,2024-01-24 15:43:00,74,8.63,10.36,信用卡,24,96
REC000742,U00225,1532,2024-01-01 18:35:00,2024-01-01 21:08:00,153,17.85,21.42,微信支付,11,80
REC000743,U00277,1063,2024-01-03 09:08:00,2024-01-03 11:10:00,122,244,439.2,支付宝,20,95
REC000744,U00425,384,2024-01-09 10:25:00,2024-01-09 11:28:00,63,504,1260,支付宝,28,82
REC000745,U00305,1227,2024-01-19 14:26:00,2024-01-19 15:04:00,38,76,136.8,信用卡,12,85
REC000746,U00457,2093,2024-01-23 23:47:00,2024-01-24 02:33:00,166,332,597.6,支付宝,15,99
REC000747,U00287,1735,2024-01-24 05:15:00,2024-01-24 06:08:00,53,424,1060,支付宝,22,98
REC000748,U00341,1955,2024-01-30 04:00:00,2024-01-30 04:27:00,27,216,540,支付宝,11,98
REC000749,U00118,1453,2024-01-06 14:47:00,2024-01-06 16:08:00,81,9.45,11.34,微信支付,28,93
REC000750,U00182,461,2024-01-20 16:33:00,2024-01-20 16:59:00,26,208,520,支付宝,27,100
REC000751,U00091,1017,2024-01-23 10:29:00,2024-01-23 11:56:00,87,174,313.2,信用卡,27,97
REC000752,U00171,919,2024-01-18 10:12:00,2024-01-18 11:57:00,105,210,378,微信支付,24,98
REC000753,U00094,1631,2024-01-14 13:52:00,2024-01-14 16:50:00,178,1424,3560,微信支付,29,93
REC000754,U00428,1160,2024-01-29 00:05:00,2024-01-29 01:56:00,111,888,2220,支付宝,27,87
REC000755,U00480,1085,2024-01-29 02:15:00,2024-01-29 04:19:00,124,248,446.4,微信支付,18,94
REC000756,U00160,2096,2024-01-08 03:41:00,2024-01-08 04:12:00,31,248,620,支付宝,10,84
REC000757,U00174,2298,2024-01-05 21:38:00,2024-01-05 23:31:00,113,13.18,15.82,微信支付,15,91
REC000758,U00390,2376,2024-01-12 07:35:00,2024-01-12 10:31:00,176,1408,3520,支付宝,18,97
REC000759,U00065,2240,2024-01-01 06:22:00,2024-01-01 08:45:00,143,16.68,20.02,信用卡,17,88
REC000760,U00205,2190,2024-01-25 11:51:00,2024-01-25 14:14:00,143,286,514.8,微信支付,29,81
REC000761,U00071,1786,2024-01-13 00:23:00,2024-01-13 02:19:00,116,13.53,16.24,支付宝,14,96
REC000762,U00309,1824,2024-01-27 10:52:00,2024-01-27 11:24:00,32,64,115.2,支付宝,10,99
REC000763,U00046,260,2024-01-14 21:34:00,2024-01-14 22:07:00,33,3.85,4.62,微信支付,13,98
REC000764,U00184,1017,2024-01-28 13:01:00,2024-01-28 15:59:00,178,356,640.8,微信支付,16,93
REC000765,U00120,443,2024-01-10 23:01:00,2024-01-11 01:17:00,136,272,489.6,信用卡,23,80
REC000766,U00096,1400,2024-01-12 13:33:00,2024-01-12 13:59:00,26,208,520,支付宝,20,97
REC000767,U00049,2094,2024-01-19 11:34:00,2024-01-19 13:14:00,100,200,360,信用卡,10,85
REC000768,U00465,1476,2024-01-13 22:06:00,2024-01-13 23:38:00,92,10.73,12.88,支付宝,14,88
REC000769,U00316,511,2024-01-05 16:20:00,2024-01-05 18:24:00,124,992,2480,支付宝,30,81
REC000770,U00357,792,2024-01-14 09:49:00,2024-01-14 11:14:00,85,170,306,微信支付,28,93
REC000771,U00433,1647,2024-01-04 03:00:00,2024-01-04 05:15:00,135,1080,2700,信用卡,25,82
REC000772,U00065,2113,2024-01-13 00:33:00,2024-01-13 03:20:00,167,19.48,23.38,信用卡,28,97
REC000773,U00280,172,2024-01-25 20:57:00,2024-01-25 21:12:00,15,120,300,支付宝,24,97
REC000774,U00050,596,2024-01-13 14:32:00,2024-01-13 15:07:00,35,70,126,支付宝,18,93
REC000775,U00435,2118,2024-01-06 00:14:00,2024-01-06 01:26:00,72,576,1440,支付宝,29,85
REC000776,U00321,1616,2024-01-18 09:16:00,2024-01-18 10:38:00,82,656,1640,信用卡,23,99
REC000777,U00317,2206,2024-01-12 13:56:00,2024-01-12 16:39:00,163,19.02,22.82,支付宝,29,97
REC000778,U00160,1804,2024-01-24 07:28:00,2024-01-24 09:20:00,112,896,2240,信用卡,19,82
REC000779,U00175,1341,2024-01-28 00:38:00,2024-01-28 01:59:00,81,9.45,11.34,支付宝,11,83
REC000780,U00315,509,2024-01-07 09:12:00,2024-01-07 12:00:00,168,19.6,23.52,信用卡,15,81
REC000781,U00185,1957,2024-01-12 11:07:00,2024-01-12 12:59:00,112,224,403.2,信用卡,11,91
REC000782,U00037,465,2024-01-22 20:15:00,2024-01-22 20:50:00,35,70,126,支付宝,11,87
REC000783,U00386,2203,2024-01-26 12:28:00,2024-01-26 14:24:00,116,232,417.6,微信支付,23,90
REC000784,U00211,1019,2024-01-30 17:22:00,2024-01-30 18:09:00,47,94,169.2,微信支付,26,98
REC000785,U00168,1065,2024-01-18 04:44:00,2024-01-18 07:32:00,168,19.6,23.52,微信支付,22,95
REC000786,U00026,32,2024-01-02 09:03:00,2024-01-02 11:50:00,167,334,601.2,信用卡,30,98
REC000787,U00414,1234,2024-01-07 10:25:00,2024-01-07 11:56:00,91,728,1820,信用卡,28,88
REC000788,U00025,733,2024-01-14 14:22:00,2024-01-14 16:13:00,111,222,399.6,支付宝,18,97
REC000789,U00221,1782,2024-01-23 21:24:00,2024-01-23 23:24:00,120,240,432,微信支付,20,93
REC000790,U00083,1074,2024-01-01 21:40:00,2024-01-01 23:14:00,94,10.97,13.16,支付宝,23,91
REC000791,U00388,2008,2024-01-21 09:58:00,2024-01-21 11:40:00,102,204,367.2,信用卡,10,98
REC000792,U00401,1846,2024-01-15 06:59:00,2024-01-15 08:35:00,96,192,345.6,微信支付,16,96
REC000793,U00218,119,2024-01-07 04:55:00,2024-01-07 06:12:00,77,154,277.2,支付宝,18,92
REC000794,U00402,1562,2024-01-07 04:52:00,2024-01-07 07:49:00,177,20.65,24.78,微信支付,23,90
REC000795,U00028,1185,2024-01-06 04:24:00,2024-01-06 06:20:00,116,13.53,16.24,信用卡,20,99
REC000796,U00118,1422,2024-01-03 16:39:00,2024-01-03 16:56:00,17,136,340,信用卡,23,85
REC000797,U00061,765,2024-01-09 05:02:00,2024-01-09 05:55:00,53,6.18,7.42,支付宝,15,94
REC000798,U00494,1754,2024-01-23 00:30:00,2024-01-23 02:46:00,136,15.87,19.04,支付宝,22,84
REC000799,U00314,1295,2024-01-04 07:32:00,2024-01-04 09:26:00,114,912,2280,微信支付,13,82
REC000800,U00144,725,2024-01-05 19:08:00,2024-01-05 19:46:00,38,4.43,5.32,支付宝,26,88
REC000801,U00409,2185,2024-01-24 18:46:00,2024-01-24 21:44:00,178,20.77,24.92,支付宝,11,80
REC000802,U00008,2199,2024-01-06 04:20:00,2024-01-06 06:36:00,136,15.87,19.04,信用卡,26,92
REC000803,U00365,1971,2024-01-23 18:09:00,2024-01-23 20:47:00,158,1264,3160,微信支付,16,82
REC000804,U00296,709,2024-01-28 08:28:00,2024-01-28 10:14:00,106,848,2120,支付宝,10,88
REC000805,U00070,1828,2024-01-19 20:14:00,2024-01-19 21:36:00,82,164,295.2,微信支付,30,93
REC000806,U00076,312,2024-01-06 07:08:00,2024-01-06 08:05:00,57,114,205.2,微信支付,16,96
REC000807,U00118,1030,2024-01-23 00:53:00,2024-01-23 02:35:00,102,204,367.2,微信支付,23,91
REC000808,U00444,1581,2024-01-25 11:24:00,2024-01-25 11:51:00,27,216,540,支付宝,27,91
REC000809,U00189,692,2024-01-13 07:09:00,2024-01-13 09:35:00,146,292,525.6,微信支付,19,84
REC000810,U00344,506,2024-01-26 14:55:00,2024-01-26 16:09:00,74,8.63,10.36,信用卡,20,88
REC000811,U00409,1483,2024-01-13 11:06:00,2024-01-13 11:33:00,27,216,540,微信支付,23,88
REC000812,U00335,1252,2024-01-17 23:19:00,2024-01-18 00:47:00,88,176,316.8,信用卡,24,90
REC000813,U00446,597,2024-01-10 04:58:00,2024-01-10 05:32:00,34,3.97,4.76,微信支付,14,86
REC000814,U00479,632,2024-01-21 14:44:00,2024-01-21 16:12:00,88,704,1760,信用卡,29,95
REC000815,U00231,348,2024-01-21 04:50:00,2024-01-21 06:46:00,116,928,2320,微信支付,17,89
REC000816,U00251,682,2024-01-08 23:22:00,2024-01-08 23:44:00,22,2.57,3.08,微信支付,27,97
REC000817,U00351,1555,2024-01-08 23:22:00,2024-01-08 23:55:00,33,3.85,4.62,支付宝,21,80
REC000818,U00032,2224,2024-01-04 07:28:00,2024-01-04 10:18:00,170,1360,3400,支付宝,17,81
REC000819,U00169,1045,2024-01-30 03:57:00,2024-01-30 05:01:00,64,128,230.4,微信支付,22,99
REC000820,U00167,941,2024-01-26 01:38:00,2024-01-26 04:01:00,143,16.68,20.02,微信支付,18,99
REC000821,U00170,940,2024-01-11 16:41:00,2024-01-11 18:14:00,93,10.85,13.02,微信支付,11,100
REC000822,U00264,426,2024-01-04 09:30:00,2024-01-04 11:26:00,116,13.53,16.24,支付宝,25,96
REC000823,U00264,1174,2024-01-04 07:08:00,2024-01-04 09:11:00,123,984,2460,支付宝,15,88
REC000824,U00131,1041,2024-01-17 14:37:00,2024-01-17 15:58:00,81,162,291.6,支付宝,23,81
REC000825,U00108,2178,2024-01-25 14:27:00,2024-01-25 16:14:00,107,214,385.2,信用卡,12,95
REC000826,U00231,891,2024-01-26 09:26:00,2024-01-26 10:08:00,42,336,840,微信支付,30,100
REC000827,U00124,1313,2024-01-30 13:02:00,2024-01-30 15:49:00,167,19.48,23.38,微信支付,14,97
REC000828,U00492,1870,2024-01-24 02:41:00,2024-01-24 05:07:00,146,292,525.6,信用卡,18,97
REC000829,U00412,1582,2024-01-29 13:29:00,2024-01-29 16:09:00,160,1280,3200,信用卡,23,98
REC000830,U00264,2162,2024-01-08 07:18:00,2024-01-08 10:06:00,168,336,604.8,微信支付,19,90
REC000831,U00297,1972,2024-01-07 07:06:00,2024-01-07 09:23:00,137,274,493.2,微信支付,18,94
REC000832,U00130,564,2024-01-18 09:36:00,2024-01-18 10:50:00,74,8.63,10.36,微信支付,12,99
REC000833,U00383,2214,2024-01-18 14:31:00,2024-01-18 15:50:00,79,632,1580,微信支付,18,84
REC000834,U00426,835,2024-01-26 14:06:00,2024-01-26 15:18:00,72,8.4,10.08,信用卡,24,85
REC000835,U00121,2136,2024-01-12 02:15:00,2024-01-12 04:55:00,160,320,576,微信支付,14,83
REC000836,U00256,2252,2024-01-02 14:51:00,2024-01-02 16:46:00,115,920,2300,微信支付,28,86
REC000837,U00265,707,2024-01-24 16:10:00,2024-01-24 16:37:00,27,216,540,信用卡,28,97
REC000838,U00086,869,2024-01-07 21:08:00,2024-01-07 21:54:00,46,5.37,6.44,微信支付,13,80
REC000839,U00118,759,2024-01-09 05:56:00,2024-01-09 06:11:00,15,1.75,2.1,微信支付,12,96
REC000840,U00237,1581,2024-01-21 00:00:00,2024-01-21 01:52:00,112,896,2240,微信支付,11,80
REC000841,U00431,2081,2024-01-29 23:38:00,2024-01-30 02:25:00,167,334,601.2,信用卡,27,95
REC000842,U00063,1583,2024-01-01 18:14:00,2024-01-01 20:49:00,155,18.08,21.7,微信支付,19,86
REC000843,U00197,1527,2024-01-05 11:30:00,2024-01-05 12:58:00,88,10.27,12.32,微信支付,17,97
REC000844,U00476,1186,2024-01-15 18:47:00,2024-01-15 20:04:00,77,616,1540,信用卡,12,98
REC000845,U00387,2091,2024-01-03 09:44:00,2024-01-03 12:02:00,138,1104,2760,支付宝,23,97
REC000846,U00100,567,2024-01-15 13:54:00,2024-01-15 15:28:00,94,10.97,13.16,支付宝,28,90
REC000847,U00018,401,2024-01-01 09:59:00,2024-01-01 11:04:00,65,520,1300,信用卡,10,94
REC000848,U00469,1656,2024-01-09 13:12:00,2024-01-09 13:27:00,15,120,300,支付宝,18,90
REC000849,U00225,1554,2024-01-04 15:24:00,2024-01-04 17:03:00,99,792,1980,微信支付,11,93
REC000850,U00498,1773,2024-01-18 23:54:00,2024-01-19 01:57:00,123,984,2460,支付宝,12,82
REC000851,U00464,54,2024-01-30 17:01:00,2024-01-30 18:56:00,115,13.42,16.1,支付宝,19,82
REC000852,U00361,370,2024-01-11 11:32:00,2024-01-11 12:59:00,87,174,313.2,微信支付,24,97
REC000853,U00052,1327,2024-01-19 09:37:00,2024-01-19 12:29:00,172,20.07,24.08,信用卡,18,99
REC000854,U00022,1923,2024-01-25 01:01:00,2024-01-25 03:53:00,172,20.07,24.08,微信支付,21,97
REC000855,U00221,798,2024-01-20 08:24:00,2024-01-20 10:59:00,155,18.08,21.7,微信支付,19,97
REC000856,U00194,577,2024-01-25 13:35:00,2024-01-25 16:15:00,160,320,576,信用卡,29,92
REC000857,U00199,653,2024-01-28 20:55:00,2024-01-28 23:07:00,132,15.4,18.48,微信支付,26,87
REC000858,U00222,2212,2024-01-26 15:31:00,2024-01-26 18:08:00,157,1256,3140,信用卡,30,98
REC000859,U00242,485,2024-01-25 07:57:00,2024-01-25 10:56:00,179,20.88,25.06,支付宝,29,82
REC000860,U00016,1492,2024-01-18 03:13:00,2024-01-18 05:59:00,166,19.37,23.24,支付宝,15,91
REC000861,U00433,1858,2024-01-04 18:41:00,2024-01-04 21:21:00,160,18.67,22.4,支付宝,22,80
REC000862,U00065,970,2024-01-02 06:19:00,2024-01-02 06:56:00,37,296,740,微信支付,23,91
REC000863,U00435,1862,2024-01-29 23:17:00,2024-01-30 01:45:00,148,1184,2960,信用卡,27,85
REC000864,U00008,1558,2024-01-15 00:39:00,2024-01-15 01:14:00,35,4.08,4.9,信用卡,10,98
REC000865,U00479,1510,2024-01-07 14:02:00,2024-01-07 14:35:00,33,66,118.8,支付宝,21,90
REC000866,U00161,2091,2024-01-06 14:38:00,2024-01-06 16:50:00,132,1056,2640,支付宝,24,89
REC000867,U00344,370,2024-01-07 12:41:00,2024-01-07 15:00:00,139,278,500.4,支付宝,22,99
REC000868,U00402,758,2024-01-04 15:30:00,2024-01-04 16:09:00,39,312,780,信用卡,30,97
REC000869,U00144,593,2024-01-05 10:22:00,2024-01-05 13:12:00,170,19.83,23.8,信用卡,28,92
REC000870,U00224,565,2024-01-13 08:50:00,2024-01-13 09:50:00,60,7,8.4,微信支付,14,99
REC000871,U00172,1956,2024-01-24 13:29:00,2024-01-24 16:14:00,165,1320,3300,微信支付,24,81
REC000872,U00370,1083,2024-01-17 22:15:00,2024-01-17 23:38:00,83,166,298.8,微信支付,13,97
REC000873,U00349,1420,2024-01-14 14:44:00,2024-01-14 16:34:00,110,12.83,15.4,支付宝,11,90
REC000874,U00400,1783,2024-01-24 06:27:00,2024-01-24 07:14:00,47,5.48,6.58,微信支付,28,84
REC000875,U00433,518,2024-01-17 23:02:00,2024-01-18 01:24:00,142,284,511.2,微信支付,28,80
REC000876,U00033,204,2024-01-30 00:26:00,2024-01-30 02:23:00,117,13.65,16.38,微信支付,20,93
REC000877,U00487,1127,2024-01-03 15:42:00,2024-01-03 17:54:00,132,264,475.2,微信支付,16,84
REC000878,U00434,1141,2024-01-22 15:22:00,2024-01-22 16:22:00,60,7,8.4,信用卡,15,97
REC000879,U00455,1344,2024-01-13 23:49:00,2024-01-14 00:05:00,16,128,320,微信支付,12,95
REC000880,U00334,2131,2024-01-24 18:23:00,2024-01-24 19:24:00,61,122,219.6,微信支付,18,94
REC000881,U00047,985,2024-01-07 10:49:00,2024-01-07 12:51:00,122,244,439.2,微信支付,22,97
REC000882,U00004,1529,2024-01-23 03:53:00,2024-01-23 04:24:00,31,3.62,4.34,微信支付,21,97
REC000883,U00047,242,2024-01-06 12:53:00,2024-01-06 15:35:00,162,18.9,22.68,支付宝,10,99
REC000884,U00433,730,2024-01-22 08:37:00,2024-01-22 09:19:00,42,336,840,信用卡,12,90
REC000885,U00219,762,2024-01-04 22:19:00,2024-01-04 22:45:00,26,208,520,信用卡,21,87
REC000886,U00028,1805,2024-01-27 04:03:00,2024-01-27 04:52:00,49,392,980,微信支付,11,81
REC000887,U00037,1894,2024-01-20 19:52:00,2024-01-20 22:38:00,166,1328,3320,支付宝,10,80
REC000888,U00132,1982,2024-01-30 23:57:00,2024-01-31 00:34:00,37,4.32,5.18,信用卡,28,89
REC000889,U00365,2302,2024-01-16 03:25:00,2024-01-16 04:55:00,90,180,324,微信支付,30,84
REC000890,U00268,2325,2024-01-22 13:32:00,2024-01-22 15:32:00,120,14,16.8,信用卡,27,98
REC000891,U00443,874,2024-01-20 00:09:00,2024-01-20 01:52:00,103,12.02,14.42,微信支付,29,88
REC000892,U00490,1143,2024-01-22 17:47:00,2024-01-22 18:31:00,44,5.13,6.16,支付宝,12,99
REC000893,U00474,2109,2024-01-07 16:17:00,2024-01-07 18:33:00,136,272,489.6,微信支付,19,97
REC000894,U00110,339,2024-01-04 11:14:00,2024-01-04 11:38:00,24,48,86.4,支付宝,20,81
REC000895,U00181,630,2024-01-26 19:17:00,2024-01-26 22:08:00,171,19.95,23.94,支付宝,17,85
REC000896,U00240,282,2024-01-14 18:09:00,2024-01-14 19:18:00,69,138,248.4,信用卡,21,94
REC000897,U00269,1049,2024-01-12 06:16:00,2024-01-12 07:57:00,101,202,363.6,微信支付,23,96
REC000898,U00208,248,2024-01-13 16:11:00,2024-01-13 18:45:00,154,308,554.4,支付宝,11,93
REC000899,U00100,1835,2024-01-28 00:33:00,2024-01-28 03:08:00,155,310,558,微信支付,18,89
REC000900,U00258,2220,2024-01-10 03:14:00,2024-01-10 05:49:00,155,1240,3100,支付宝,15,90
REC000901,U00196,934,2024-01-29 22:48:00,2024-01-30 00:19:00,91,728,1820,支付宝,14,97
REC000902,U00170,195,2024-01-16 10:48:00,2024-01-16 11:16:00,28,224,560,支付宝,24,88
REC000903,U00202,206,2024-01-17 15:19:00,2024-01-17 17:28:00,129,15.05,18.06,信用卡,20,91
REC000904,U00187,328,2024-01-19 07:42:00,2024-01-19 08:37:00,55,6.42,7.7,微信支付,28,85
REC000905,U00305,40,2024-01-02 19:09:00,2024-01-02 21:42:00,153,306,550.8,支付宝,20,83
REC000906,U00253,175,2024-01-29 20:58:00,2024-01-29 22:32:00,94,752,1880,信用卡,10,99
REC000907,U00456,417,2024-01-11 21:07:00,2024-01-11 21:47:00,40,80,144,微信支付,13,94
REC000908,U00482,2079,2024-01-18 21:41:00,2024-01-18 22:20:00,39,4.55,5.46,信用卡,10,84
REC000909,U00413,1346,2024-01-14 16:08:00,2024-01-14 18:16:00,128,1024,2560,信用卡,22,81
REC000910,U00087,726,2024-01-30 02:19:00,2024-01-30 02:40:00,21,42,75.6,支付宝,29,91
REC000911,U00162,958,2024-01-13 10:46:00,2024-01-13 11:22:00,36,72,129.6,信用卡,15,80
REC000912,U00342,339,2024-01-07 09:42:00,2024-01-07 10:43:00,61,122,219.6,支付宝,20,98
REC000913,U00447,1464,2024-01-03 23:00:00,2024-01-03 23:17:00,17,136,340,微信支付,23,81
REC000914,U00164,324,2024-01-06 07:14:00,2024-01-06 08:55:00,101,808,2020,微信支付,15,91
REC000915,U00226,1064,2024-01-30 02:11:00,2024-01-30 05:04:00,173,20.18,24.22,支付宝,11,94
REC000916,U00023,1158,2024-01-23 15:44:00,2024-01-23 16:24:00,40,4.67,5.6,支付宝,16,84
REC000917,U00305,1900,2024-01-26 07:33:00,2024-01-26 08:00:00,27,216,540,支付宝,28,91
REC000918,U00468,115,2024-01-11 17:52:00,2024-01-11 18:23:00,31,62,111.6,微信支付,10,92
REC000919,U00491,1180,2024-01-29 13:26:00,2024-01-29 14:36:00,70,560,1400,支付宝,10,86
REC000920,U00061,2372,2024-01-01 09:16:00,2024-01-01 10:42:00,86,172,309.6,支付宝,14,81
REC000921,U00220,879,2024-01-03 07:48:00,2024-01-03 10:12:00,144,288,518.4,信用卡,19,82
REC000922,U00278,295,2024-01-14 21:33:00,2024-01-15 00:28:00,175,1400,3500,信用卡,13,87
REC000923,U00451,1380,2024-01-29 06:09:00,2024-01-29 09:01:00,172,1376,3440,微信支付,27,91
REC000924,U00390,1418,2024-01-12 08:06:00,2024-01-12 09:56:00,110,12.83,15.4,信用卡,28,90
REC000925,U00024,601,2024-01-17 16:41:00,2024-01-17 18:35:00,114,228,410.4,微信支付,11,81
REC000926,U00494,1670,2024-01-23 09:49:00,2024-01-23 12:29:00,160,1280,3200,信用卡,10,100
REC000927,U00204,79,2024-01-27 05:53:00,2024-01-27 07:57:00,124,248,446.4,信用卡,11,82
REC000928,U00199,2240,2024-01-21 05:45:00,2024-01-21 08:02:00,137,15.98,19.18,支付宝,11,87
REC000929,U00257,1962,2024-01-13 09:41:00,2024-01-13 10:28:00,47,94,169.2,信用卡,16,86
REC000930,U00435,2336,2024-01-14 09:38:00,2024-01-14 11:11:00,93,744,1860,信用卡,21,87
REC000931,U00002,85,2024-01-19 02:51:00,2024-01-19 05:11:00,140,16.33,19.6,支付宝,22,85
REC000932,U00168,1369,2024-01-01 14:47:00,2024-01-01 15:57:00,70,8.17,9.8,微信支付,30,91
REC000933,U00038,46,2024-01-23 16:44:00,2024-01-23 17:53:00,69,8.05,9.66,支付宝,20,88
REC000934,U00461,533,2024-01-19 01:15:00,2024-01-19 02:17:00,62,7.23,8.68,支付宝,13,94
REC000935,U00131,2201,2024-01-09 14:43:00,2024-01-09 17:27:00,164,1312,3280,微信支付,30,85
REC000936,U00360,2346,2024-01-08 01:14:00,2024-01-08 02:25:00,71,142,255.6,微信支付,19,90
REC000937,U00036,391,2024-01-01 22:38:00,2024-01-01 23:01:00,23,184,460,信用卡,11,100
REC000938,U00430,1728,2024-01-03 08:40:00,2024-01-03 10:26:00,106,848,2120,微信支付,10,100
REC000939,U00285,2216,2024-01-20 02:12:00,2024-01-20 04:37:00,145,290,522,支付宝,17,80
REC000940,U00454,621,2024-01-06 13:24:00,2024-01-06 14:01:00,37,4.32,5.18,支付宝,22,94
REC000941,U00407,901,2024-01-07 10:38:00,2024-01-07 13:30:00,172,344,619.2,微信支付,19,90
REC000942,U00172,1870,2024-01-26 20:28:00,2024-01-26 23:05:00,157,314,565.2,信用卡,24,90
REC000943,U00441,2317,2024-01-09 17:14:00,2024-01-09 17:51:00,37,4.32,5.18,微信支付,28,98
REC000944,U00160,1735,2024-01-08 20:56:00,2024-01-08 22:52:00,116,928,2320,微信支付,17,87
REC000945,U00344,1717,2024-01-09 09:42:00,2024-01-09 09:59:00,17,136,340,信用卡,14,94
REC000946,U00182,1516,2024-01-24 22:42:00,2024-01-24 23:44:00,62,124,223.2,微信支付,18,94
REC000947,U00456,1898,2024-01-02 08:56:00,2024-01-02 11:43:00,167,1336,3340,微信支付,10,94
REC000948,U00047,470,2024-01-16 22:00:00,2024-01-16 22:56:00,56,112,201.6,微信支付,27,80
REC000949,U00097,742,2024-01-20 21:15:00,2024-01-20 22:13:00,58,6.77,8.12,微信支付,30,99
REC000950,U00035,701,2024-01-17 07:06:00,2024-01-17 09:35:00,149,1192,2980,微信支付,26,98
REC000951,U00371,2003,2024-01-01 10:40:00,2024-01-01 12:28:00,108,864,2160,信用卡,13,93
REC000952,U00396,436,2024-01-06 08:24:00,2024-01-06 10:47:00,143,286,514.8,支付宝,16,97
REC000953,U00171,1522,2024-01-26 07:00:00,2024-01-26 09:35:00,155,18.08,21.7,微信支付,28,90
REC000954,U00384,2331,2024-01-22 08:32:00,2024-01-22 10:47:00,135,15.75,18.9,微信支付,13,92
REC000955,U00265,2278,2024-01-03 06:33:00,2024-01-03 07:00:00,27,3.15,3.78,支付宝,17,95
REC000956,U00392,2192,2024-01-28 17:35:00,2024-01-28 18:45:00,70,8.17,9.8,微信支付,27,92
REC000957,U00261,634,2024-01-27 17:34:00,2024-01-27 19:51:00,137,15.98,19.18,微信支付,26,88
REC000958,U00493,1359,2024-01-15 09:41:00,2024-01-15 10:09:00,28,56,100.8,信用卡,13,96
REC000959,U00087,566,2024-01-22 22:45:00,2024-01-22 23:41:00,56,6.53,7.84,微信支付,11,85
REC000960,U00110,2258,2024-01-29 05:47:00,2024-01-29 07:17:00,90,180,324,信用卡,14,100
REC000961,U00070,937,2024-01-08 07:50:00,2024-01-08 08:20:00,30,3.5,4.2,支付宝,12,88
REC000962,U00250,1142,2024-01-13 22:28:00,2024-01-13 23:37:00,69,552,1380,信用卡,14,96
REC000963,U00034,450,2024-01-20 10:20:00,2024-01-20 12:07:00,107,856,2140,信用卡,29,86
REC000964,U00345,42,2024-01-07 00:12:00,2024-01-07 03:07:00,175,1400,3500,信用卡,10,84
REC000965,U00325,148,2024-01-10 17:02:00,2024-01-10 17:29:00,27,216,540,支付宝,14,87
REC000966,U00067,538,2024-01-21 05:24:00,2024-01-21 07:46:00,142,1136,2840,支付宝,14,83
REC000967,U00191,999,2024-01-10 01:51:00,2024-01-10 02:16:00,25,2.92,3.5,微信支付,26,82
REC000968,U00172,1712,2024-01-03 09:22:00,2024-01-03 11:21:00,119,238,428.4,支付宝,22,86
REC000969,U00350,12,2024-01-03 20:44:00,2024-01-03 22:27:00,103,12.02,14.42,信用卡,29,87
REC000970,U00234,1803,2024-01-22 04:00:00,2024-01-22 05:46:00,106,212,381.6,支付宝,28,83
REC000971,U00115,2201,2024-01-07 06:12:00,2024-01-07 06:45:00,33,264,660,信用卡,10,100
REC000972,U00307,664,2024-01-05 07:55:00,2024-01-05 09:56:00,121,968,2420,信用卡,12,95
REC000973,U00194,1223,2024-01-28 22:13:00,2024-01-28 22:38:00,25,200,500,微信支付,28,96
REC000974,U00062,894,2024-01-02 13:51:00,2024-01-02 15:13:00,82,656,1640,微信支付,27,88
REC000975,U00318,274,2024-01-18 20:48:00,2024-01-18 22:43:00,115,230,414,微信支付,14,98
REC000976,U00411,333,2024-01-10 11:45:00,2024-01-10 12:30:00,45,5.25,6.3,支付宝,25,80
REC000977,U00029,2053,2024-01-17 22:44:00,2024-01-18 00:42:00,118,236,424.8,信用卡,21,93
REC000978,U00236,1611,2024-01-03 02:19:00,2024-01-03 04:12:00,113,226,406.8,微信支付,22,84
REC000979,U00293,345,2024-01-24 13:23:00,2024-01-24 15:18:00,115,13.42,16.1,支付宝,21,81
REC000980,U00298,1242,2024-01-14 07:24:00,2024-01-14 08:44:00,80,640,1600,支付宝,30,81
REC000981,U00495,1807,2024-01-20 21:17:00,2024-01-20 23:12:00,115,13.42,16.1,微信支付,19,99
REC000982,U00368,773,2024-01-11 11:27:00,2024-01-11 14:07:00,160,18.67,22.4,支付宝,21,80
REC000983,U00332,1239,2024-01-28 18:17:00,2024-01-28 20:08:00,111,888,2220,微信支付,24,86
REC000984,U00434,531,2024-01-08 22:31:00,2024-01-09 00:24:00,113,226,406.8,微信支付,23,83
REC000985,U00152,363,2024-01-07 22:24:00,2024-01-07 23:44:00,80,640,1600,微信支付,23,84
REC000986,U00482,1408,2024-01-31 00:56:00,2024-01-31 03:33:00,157,314,565.2,信用卡,20,88
REC000987,U00052,620,2024-01-24 16:10:00,2024-01-24 18:36:00,146,292,525.6,信用卡,11,97
REC000988,U00486,2020,2024-01-28 06:56:00,2024-01-28 09:49:00,173,346,622.8,微信支付,29,93
REC000989,U00328,605,2024-01-12 04:15:00,2024-01-12 05:49:00,94,752,1880,信用卡,12,99
REC000990,U00350,2339,2024-01-18 13:21:00,2024-01-18 14:43:00,82,656,1640,微信支付,16,97
REC000991,U00413,1388,2024-01-12 03:30:00,2024-01-12 04:19:00,49,392,980,信用卡,19,94
REC000992,U00456,765,2024-01-17 21:22:00,2024-01-17 21:51:00,29,3.38,4.06,支付宝,27,87
REC000993,U00126,922,2024-01-13 02:47:00,2024-01-13 03:53:00,66,7.7,9.24,微信支付,17,82
REC000994,U00362,323,2024-01-17 21:35:00,2024-01-18 00:05:00,150,17.5,21,支付宝,22,80
REC000995,U00369,1532,2024-01-13 09:43:00,2024-01-13 11:32:00,109,12.72,15.26,支付宝,22,98
REC000996,U00256,1101,2024-01-16 07:20:00,2024-01-16 09:31:00,131,15.28,18.34,支付宝,28,88
REC000997,U00485,1375,2024-01-10 07:45:00,2024-01-10 09:32:00,107,12.48,14.98,微信支付,23,91
REC000998,U00242,2312,2024-01-13 13:50:00,2024-01-13 15:45:00,115,230,414,支付宝,29,96
REC000999,U00493,1566,2024-01-04 03:26:00,2024-01-04 05:31:00,125,14.58,17.5,微信支付,18,84
REC001000,U00091,324,2024-01-16 20:55:00,2024-01-16 22:23:00,88,704,1760,支付宝,10,97
,,,,,,,,,,
,,,,,,,,,,
